CREATE TABLE subject(
    id BIGSERIAL NOT NULL PRIMARY KEY,
    description VARCHAR(255)
);

CREATE TABLE teacher(
    id BIGSERIAL NOT NULL PRIMARY KEY,
    birthdate DATE NOT NULL,
    name VARCHAR(255) NOT NULL,
    subject_id BIGINT NOT NULL,
    FOREIGN KEY (subject_id) REFERENCES subject(id)
);

CREATE TABLE class(
    id BIGSERIAL NOT NULL PRIMARY KEY,
    description VARCHAR(255)
);

CREATE TABLE pupil(
    id BIGSERIAL NOT NULL PRIMARY KEY,
    name VARCHAR(255) NOT NULL,
    birthdate DATE NOT NULL,
    class_id BIGINT NOT NULL,
    FOREIGN KEY (class_id) REFERENCES class(id)
);

CREATE TABLE grade(
    id BIGSERIAL NOT NULL PRIMARY KEY,
    date DATE NOT NULL DEFAULT CURRENT_DATE,
    grade SMALLINT NOT NULL,
    teacher_id BIGINT NOT NULL,
    pupil_id BIGINT NOT NULL,
    FOREIGN KEY (teacher_id) REFERENCES teacher(id),
    FOREIGN KEY (pupil_id) REFERENCES pupil(id)
);

INSERT INTO class(description) VALUES('1st class');
INSERT INTO class(description) VALUES('2st class');
INSERT INTO class(description) VALUES('3st class');
INSERT INTO class(description) VALUES('4st class');
INSERT INTO class(description) VALUES('5st class');
INSERT INTO class(description) VALUES('6st class');
INSERT INTO class(description) VALUES('7st class');
INSERT INTO class(description) VALUES('8st class');
INSERT INTO class(description) VALUES('9st class');
INSERT INTO class(description) VALUES('10st class');
INSERT INTO class(description) VALUES('11st class');

INSERT INTO subject(description) VALUES('Mathematics');
INSERT INTO subject(description) VALUES('Physics');
INSERT INTO subject(description) VALUES('Chemics');
INSERT INTO subject(description) VALUES('Biology');
INSERT INTO subject(description) VALUES('English');
INSERT INTO subject(description) VALUES('Ukrainian');
INSERT INTO subject(description) VALUES('P.E.');
INSERT INTO subject(description) VALUES('Art');
INSERT INTO subject(description) VALUES('Health');
INSERT INTO subject(description) VALUES('Computer science');


insert into teacher (id, name, birthdate, subject_id) values (1, 'Kayley Gilbank', '3/14/1949', 1); 
insert into teacher (id, name, birthdate, subject_id) values (2, 'Aime Casperri', '9/22/1984', 10); 
insert into teacher (id, name, birthdate, subject_id) values (3, 'Kip Sturridge', '5/13/1965', 8); 
insert into teacher (id, name, birthdate, subject_id) values (4, 'Elbertine Rubberts', '7/24/1981', 7); 
insert into teacher (id, name, birthdate, subject_id) values (5, 'Shanta Fones', '10/17/1980', 2); 
insert into teacher (id, name, birthdate, subject_id) values (6, 'Austine Southey', '11/15/1948', 5); 
insert into teacher (id, name, birthdate, subject_id) values (7, 'Stefanie Duncan', '12/15/1975', 2); 
insert into teacher (id, name, birthdate, subject_id) values (8, 'Heath Latliff', '2/8/1978', 1); 
insert into teacher (id, name, birthdate, subject_id) values (9, 'Phillie Cooksey', '8/10/1995', 7); 
insert into teacher (id, name, birthdate, subject_id) values (10, 'Wilie Bentjens', '10/6/1952', 1); 
insert into teacher (id, name, birthdate, subject_id) values (11, 'Moss Peattie', '1/19/1989', 9); 
insert into teacher (id, name, birthdate, subject_id) values (12, 'Cirillo Seine', '8/18/1981', 3); 
insert into teacher (id, name, birthdate, subject_id) values (13, 'Oneida Garralts', '4/1/1992', 10); 
insert into teacher (id, name, birthdate, subject_id) values (14, 'Delilah Glencrosche', '11/6/1949', 9); 
insert into teacher (id, name, birthdate, subject_id) values (15, 'Klarrisa Normington', '1/12/1995', 6); 
insert into teacher (id, name, birthdate, subject_id) values (16, 'Israel Carson', '6/21/1998', 6); 
insert into teacher (id, name, birthdate, subject_id) values (17, 'Cassaundra Ferens', '4/27/1969', 7); 
insert into teacher (id, name, birthdate, subject_id) values (18, 'Charles Beernaert', '7/4/1948', 3); 
insert into teacher (id, name, birthdate, subject_id) values (19, 'Murray Rides', '3/27/1958', 4); 
insert into teacher (id, name, birthdate, subject_id) values (20, 'Alan Minard', '10/29/1992', 5);

insert into pupil (id, name, birthdate, class_id) values (1, 'Niels Aikin', '5/12/2009', 11);
insert into pupil (id, name, birthdate, class_id) values (2, 'Nicoline Organ', '12/10/2001', 7);
insert into pupil (id, name, birthdate, class_id) values (3, 'Curt Kitto', '2/28/2011', 10);
insert into pupil (id, name, birthdate, class_id) values (4, 'Barbabas Pauletto', '12/12/2001', 4);
insert into pupil (id, name, birthdate, class_id) values (5, 'Aldric Blaisdale', '4/14/2005', 11);
insert into pupil (id, name, birthdate, class_id) values (6, 'Ruthe Gounod', '6/23/2010', 6);
insert into pupil (id, name, birthdate, class_id) values (7, 'Gibb Castillou', '10/29/2007', 11);
insert into pupil (id, name, birthdate, class_id) values (8, 'Anitra Soldner', '4/13/2005', 5);
insert into pupil (id, name, birthdate, class_id) values (9, 'Mikael Heffron', '3/27/2006', 5);
insert into pupil (id, name, birthdate, class_id) values (10, 'Valentine Carlisi', '6/16/2009', 9);
insert into pupil (id, name, birthdate, class_id) values (11, 'Moishe Wickens', '7/22/2006', 10);
insert into pupil (id, name, birthdate, class_id) values (12, 'Katherine Birchall', '6/25/2005', 7);
insert into pupil (id, name, birthdate, class_id) values (13, 'Cher Devonald', '6/14/2006', 11);
insert into pupil (id, name, birthdate, class_id) values (14, 'Ritchie Pantry', '4/21/2009', 11);
insert into pupil (id, name, birthdate, class_id) values (15, 'Brewer Heavens', '7/6/2004', 9);
insert into pupil (id, name, birthdate, class_id) values (16, 'Marinna Seeman', '9/14/2011', 7);
insert into pupil (id, name, birthdate, class_id) values (17, 'Ronica Duddy', '2/22/2002', 9);
insert into pupil (id, name, birthdate, class_id) values (18, 'Ange Gudgen', '11/27/2009', 9);
insert into pupil (id, name, birthdate, class_id) values (19, 'Kennedy Waite', '12/16/2010', 11);
insert into pupil (id, name, birthdate, class_id) values (20, 'Milka Gaish', '10/5/2005', 10);
insert into pupil (id, name, birthdate, class_id) values (21, 'Melonie Gwyther', '12/29/2002', 3);
insert into pupil (id, name, birthdate, class_id) values (22, 'Daniel Bowart', '8/5/2008', 10);
insert into pupil (id, name, birthdate, class_id) values (23, 'Jessamine Chesshyre', '3/5/2001', 1);
insert into pupil (id, name, birthdate, class_id) values (24, 'Hermie Mascall', '8/4/2001', 4);
insert into pupil (id, name, birthdate, class_id) values (25, 'Justus Rollinshaw', '9/12/2004', 11);
insert into pupil (id, name, birthdate, class_id) values (26, 'Tobye Dodwell', '3/1/2005', 7);
insert into pupil (id, name, birthdate, class_id) values (27, 'Maighdiln Morrowe', '6/3/2009', 10);
insert into pupil (id, name, birthdate, class_id) values (28, 'Gardiner Rameaux', '3/4/2002', 8);
insert into pupil (id, name, birthdate, class_id) values (29, 'Marcello Cullnean', '2/20/2003', 4);
insert into pupil (id, name, birthdate, class_id) values (30, 'Melita Ridley', '2/1/2002', 2);
insert into pupil (id, name, birthdate, class_id) values (31, 'Gerti Allaker', '9/18/2001', 11);
insert into pupil (id, name, birthdate, class_id) values (32, 'Kassandra Zamudio', '1/11/2001', 4);
insert into pupil (id, name, birthdate, class_id) values (33, 'Clio de Leon', '11/4/2002', 3);
insert into pupil (id, name, birthdate, class_id) values (34, 'Kerr Rule', '12/29/2005', 7);
insert into pupil (id, name, birthdate, class_id) values (35, 'Tabb Mallabund', '1/25/2001', 2);
insert into pupil (id, name, birthdate, class_id) values (36, 'Jolee Linnock', '12/11/2003', 1);
insert into pupil (id, name, birthdate, class_id) values (37, 'Neddy Aspling', '11/21/2000', 7);
insert into pupil (id, name, birthdate, class_id) values (38, 'Betsey Hannigane', '11/24/2009', 3);
insert into pupil (id, name, birthdate, class_id) values (39, 'Shoshana Bowry', '3/10/2002', 11);
insert into pupil (id, name, birthdate, class_id) values (40, 'Husain Colly', '9/19/2001', 10);
insert into pupil (id, name, birthdate, class_id) values (41, 'Orrin Swain', '10/10/2005', 11);
insert into pupil (id, name, birthdate, class_id) values (42, 'Christabel Munsey', '12/2/2010', 1);
insert into pupil (id, name, birthdate, class_id) values (43, 'Malina Espinho', '7/19/2001', 8);
insert into pupil (id, name, birthdate, class_id) values (44, 'Gavan Vallance', '12/30/2003', 2);
insert into pupil (id, name, birthdate, class_id) values (45, 'Aili Crowcher', '11/19/2008', 2);
insert into pupil (id, name, birthdate, class_id) values (46, 'Martina Grimestone', '2/4/2005', 6);
insert into pupil (id, name, birthdate, class_id) values (47, 'Vivianne Maletratt', '3/24/2006', 4);
insert into pupil (id, name, birthdate, class_id) values (48, 'Iggy Delamere', '9/28/2006', 3);
insert into pupil (id, name, birthdate, class_id) values (49, 'Hamil Oriel', '3/25/2011', 4);
insert into pupil (id, name, birthdate, class_id) values (50, 'Julie Chessell', '4/15/2008', 9);
insert into pupil (id, name, birthdate, class_id) values (51, 'Lora Newey', '6/14/2008', 9);
insert into pupil (id, name, birthdate, class_id) values (52, 'Iago Harflete', '9/2/2009', 5);
insert into pupil (id, name, birthdate, class_id) values (53, 'Carita Baradel', '3/2/2011', 3);
insert into pupil (id, name, birthdate, class_id) values (54, 'Yvonne Henningham', '4/10/2004', 5);
insert into pupil (id, name, birthdate, class_id) values (55, 'Greggory Beller', '11/14/2004', 4);
insert into pupil (id, name, birthdate, class_id) values (56, 'Alva Golsthorp', '8/24/2002', 1);
insert into pupil (id, name, birthdate, class_id) values (57, 'Lilian Housiaux', '12/27/2009', 10);
insert into pupil (id, name, birthdate, class_id) values (58, 'Zola Huckett', '2/27/2001', 2);
insert into pupil (id, name, birthdate, class_id) values (59, 'Cordelia Pencott', '12/11/2000', 2);
insert into pupil (id, name, birthdate, class_id) values (60, 'Rufe Freeburn', '3/6/2009', 4);
insert into pupil (id, name, birthdate, class_id) values (61, 'Reeba Thirlwell', '8/14/2002', 7);
insert into pupil (id, name, birthdate, class_id) values (62, 'Pyotr Purslow', '2/27/2005', 11);
insert into pupil (id, name, birthdate, class_id) values (63, 'Cynde Flaverty', '5/5/2005', 6);
insert into pupil (id, name, birthdate, class_id) values (64, 'Diahann Brimm', '6/30/2005', 9);
insert into pupil (id, name, birthdate, class_id) values (65, 'Tobit Bingle', '12/26/2006', 6);
insert into pupil (id, name, birthdate, class_id) values (66, 'Craggie Valentelli', '12/26/2006', 5);
insert into pupil (id, name, birthdate, class_id) values (67, 'Riane Borthe', '12/20/2006', 9);
insert into pupil (id, name, birthdate, class_id) values (68, 'Amalea Pikhno', '8/21/2002', 10);
insert into pupil (id, name, birthdate, class_id) values (69, 'Sheree Durrant', '3/29/2009', 2);
insert into pupil (id, name, birthdate, class_id) values (70, 'Waring Bruno', '4/20/2001', 11);
insert into pupil (id, name, birthdate, class_id) values (71, 'Chaunce Ipgrave', '8/15/2004', 5);
insert into pupil (id, name, birthdate, class_id) values (72, 'Violante Lidgate', '6/15/2008', 3);
insert into pupil (id, name, birthdate, class_id) values (73, 'Yvon Juckes', '6/22/2006', 1);
insert into pupil (id, name, birthdate, class_id) values (74, 'Pavia Vasilchikov', '10/29/2008', 10);
insert into pupil (id, name, birthdate, class_id) values (75, 'Desmund Cruxton', '4/4/2001', 3);
insert into pupil (id, name, birthdate, class_id) values (76, 'Addy Gronou', '2/1/2011', 4);
insert into pupil (id, name, birthdate, class_id) values (77, 'Nan Godfery', '10/7/2007', 1);
insert into pupil (id, name, birthdate, class_id) values (78, 'Krystle Beckles', '2/9/2009', 2);
insert into pupil (id, name, birthdate, class_id) values (79, 'Leonard Antal', '4/6/2007', 9);
insert into pupil (id, name, birthdate, class_id) values (80, 'Nikki Pickburn', '11/21/2003', 5);
insert into pupil (id, name, birthdate, class_id) values (81, 'Barrie Habbershon', '10/3/2005', 6);
insert into pupil (id, name, birthdate, class_id) values (82, 'Yoko Scudamore', '8/18/2011', 7);
insert into pupil (id, name, birthdate, class_id) values (83, 'Darb Carwardine', '9/1/2009', 10);
insert into pupil (id, name, birthdate, class_id) values (84, 'Miltie Farnin', '8/12/2006', 7);
insert into pupil (id, name, birthdate, class_id) values (85, 'Leonerd Hawse', '6/26/2002', 1);
insert into pupil (id, name, birthdate, class_id) values (86, 'Carmen Garth', '1/23/2002', 7);
insert into pupil (id, name, birthdate, class_id) values (87, 'Shanie Barttrum', '11/9/2009', 8);
insert into pupil (id, name, birthdate, class_id) values (88, 'Gibbie Kropach', '12/19/2001', 2);
insert into pupil (id, name, birthdate, class_id) values (89, 'Bonni Elstub', '7/21/2003', 6);
insert into pupil (id, name, birthdate, class_id) values (90, 'Elvyn Shenfish', '6/10/2004', 4);
insert into pupil (id, name, birthdate, class_id) values (91, 'Paule Blackboro', '11/2/2005', 9);
insert into pupil (id, name, birthdate, class_id) values (92, 'Charmion Joel', '1/20/2003', 4);
insert into pupil (id, name, birthdate, class_id) values (93, 'Cullie Gutowski', '8/5/2005', 5);
insert into pupil (id, name, birthdate, class_id) values (94, 'Maddy Lettuce', '7/31/2002', 6);
insert into pupil (id, name, birthdate, class_id) values (95, 'Herman Magarrell', '4/28/2009', 8);
insert into pupil (id, name, birthdate, class_id) values (96, 'Eileen Pallin', '10/18/2001', 6);
insert into pupil (id, name, birthdate, class_id) values (97, 'Roth Tring', '11/12/2001', 8);
insert into pupil (id, name, birthdate, class_id) values (98, 'Maximilianus De Fraine', '12/8/2003', 1);
insert into pupil (id, name, birthdate, class_id) values (99, 'Simona Aron', '6/12/2011', 11);
insert into pupil (id, name, birthdate, class_id) values (100, 'Wald Sonschein', '7/3/2010', 11);

insert into grade (id, grade, teacher_id, pupil_id, date) values (1, 3, 2, 51, '4/5/2018');
insert into grade (id, grade, teacher_id, pupil_id, date) values (2, 1, 6, 3, '3/16/2011');
insert into grade (id, grade, teacher_id, pupil_id, date) values (3, 5, 17, 46, '11/23/2008');
insert into grade (id, grade, teacher_id, pupil_id, date) values (4, 3, 5, 82, '2/18/2008');
insert into grade (id, grade, teacher_id, pupil_id, date) values (5, 3, 1, 82, '11/19/2010');
insert into grade (id, grade, teacher_id, pupil_id, date) values (6, 4, 15, 46, '10/7/2014');
insert into grade (id, grade, teacher_id, pupil_id, date) values (7, 1, 4, 66, '5/6/2010');
insert into grade (id, grade, teacher_id, pupil_id, date) values (8, 4, 19, 44, '3/13/2014');
insert into grade (id, grade, teacher_id, pupil_id, date) values (9, 2, 10, 14, '2/28/2013');
insert into grade (id, grade, teacher_id, pupil_id, date) values (10, 3, 13, 90, '3/24/2009');
insert into grade (id, grade, teacher_id, pupil_id, date) values (11, 4, 11, 79, '1/19/2011');
insert into grade (id, grade, teacher_id, pupil_id, date) values (12, 1, 13, 43, '2/14/2019');
insert into grade (id, grade, teacher_id, pupil_id, date) values (13, 3, 13, 31, '6/22/2011');
insert into grade (id, grade, teacher_id, pupil_id, date) values (14, 3, 3, 84, '5/11/2006');
insert into grade (id, grade, teacher_id, pupil_id, date) values (15, 5, 18, 42, '8/20/2019');
insert into grade (id, grade, teacher_id, pupil_id, date) values (16, 4, 9, 54, '3/6/2009');
insert into grade (id, grade, teacher_id, pupil_id, date) values (17, 1, 4, 18, '7/6/2011');
insert into grade (id, grade, teacher_id, pupil_id, date) values (18, 5, 3, 31, '8/7/2012');
insert into grade (id, grade, teacher_id, pupil_id, date) values (19, 4, 6, 53, '1/23/2018');
insert into grade (id, grade, teacher_id, pupil_id, date) values (20, 3, 2, 45, '6/10/2008');
insert into grade (id, grade, teacher_id, pupil_id, date) values (21, 2, 19, 89, '1/7/2010');
insert into grade (id, grade, teacher_id, pupil_id, date) values (22, 4, 7, 19, '8/9/2011');
insert into grade (id, grade, teacher_id, pupil_id, date) values (23, 3, 5, 34, '2/4/2011');
insert into grade (id, grade, teacher_id, pupil_id, date) values (24, 3, 19, 44, '7/3/2010');
insert into grade (id, grade, teacher_id, pupil_id, date) values (25, 2, 11, 87, '11/17/2010');
insert into grade (id, grade, teacher_id, pupil_id, date) values (26, 5, 12, 97, '7/28/2012');
insert into grade (id, grade, teacher_id, pupil_id, date) values (27, 2, 4, 62, '5/18/2007');
insert into grade (id, grade, teacher_id, pupil_id, date) values (28, 4, 1, 38, '12/3/2013');
insert into grade (id, grade, teacher_id, pupil_id, date) values (29, 3, 9, 75, '12/9/2010');
insert into grade (id, grade, teacher_id, pupil_id, date) values (30, 3, 3, 21, '7/22/2012');
insert into grade (id, grade, teacher_id, pupil_id, date) values (31, 5, 11, 80, '11/12/2010');
insert into grade (id, grade, teacher_id, pupil_id, date) values (32, 2, 12, 64, '2/12/2018');
insert into grade (id, grade, teacher_id, pupil_id, date) values (33, 2, 11, 50, '9/24/2007');
insert into grade (id, grade, teacher_id, pupil_id, date) values (34, 1, 13, 46, '1/22/2017');
insert into grade (id, grade, teacher_id, pupil_id, date) values (35, 2, 3, 48, '2/10/2012');
insert into grade (id, grade, teacher_id, pupil_id, date) values (36, 4, 1, 88, '11/27/2006');
insert into grade (id, grade, teacher_id, pupil_id, date) values (37, 2, 9, 67, '7/15/2009');
insert into grade (id, grade, teacher_id, pupil_id, date) values (38, 2, 3, 28, '5/9/2012');
insert into grade (id, grade, teacher_id, pupil_id, date) values (39, 1, 7, 36, '3/26/2015');
insert into grade (id, grade, teacher_id, pupil_id, date) values (40, 4, 11, 68, '10/17/2019');
insert into grade (id, grade, teacher_id, pupil_id, date) values (41, 3, 12, 26, '6/3/2019');
insert into grade (id, grade, teacher_id, pupil_id, date) values (42, 4, 15, 99, '12/3/2010');
insert into grade (id, grade, teacher_id, pupil_id, date) values (43, 3, 9, 20, '12/17/2008');
insert into grade (id, grade, teacher_id, pupil_id, date) values (44, 1, 6, 5, '7/17/2006');
insert into grade (id, grade, teacher_id, pupil_id, date) values (45, 4, 12, 43, '4/23/2017');
insert into grade (id, grade, teacher_id, pupil_id, date) values (46, 5, 16, 86, '2/14/2019');
insert into grade (id, grade, teacher_id, pupil_id, date) values (47, 1, 19, 82, '8/27/2014');
insert into grade (id, grade, teacher_id, pupil_id, date) values (48, 5, 13, 64, '4/30/2007');
insert into grade (id, grade, teacher_id, pupil_id, date) values (49, 5, 16, 65, '9/1/2014');
insert into grade (id, grade, teacher_id, pupil_id, date) values (50, 4, 8, 31, '12/29/2015');
insert into grade (id, grade, teacher_id, pupil_id, date) values (51, 4, 6, 68, '5/12/2013');
insert into grade (id, grade, teacher_id, pupil_id, date) values (52, 1, 1, 72, '10/10/2017');
insert into grade (id, grade, teacher_id, pupil_id, date) values (53, 5, 5, 51, '10/5/2016');
insert into grade (id, grade, teacher_id, pupil_id, date) values (54, 3, 15, 80, '10/11/2017');
insert into grade (id, grade, teacher_id, pupil_id, date) values (55, 2, 9, 3, '10/1/2012');
insert into grade (id, grade, teacher_id, pupil_id, date) values (56, 2, 5, 57, '2/22/2008');
insert into grade (id, grade, teacher_id, pupil_id, date) values (57, 4, 10, 1, '8/18/2016');
insert into grade (id, grade, teacher_id, pupil_id, date) values (58, 2, 9, 16, '12/1/2012');
insert into grade (id, grade, teacher_id, pupil_id, date) values (59, 4, 15, 46, '4/17/2009');
insert into grade (id, grade, teacher_id, pupil_id, date) values (60, 2, 20, 3, '9/6/2018');
insert into grade (id, grade, teacher_id, pupil_id, date) values (61, 4, 7, 91, '11/16/2014');
insert into grade (id, grade, teacher_id, pupil_id, date) values (62, 4, 13, 47, '3/6/2016');
insert into grade (id, grade, teacher_id, pupil_id, date) values (63, 2, 2, 70, '11/22/2005');
insert into grade (id, grade, teacher_id, pupil_id, date) values (64, 5, 6, 43, '11/7/2018');
insert into grade (id, grade, teacher_id, pupil_id, date) values (65, 4, 17, 54, '10/10/2013');
insert into grade (id, grade, teacher_id, pupil_id, date) values (66, 1, 16, 99, '1/17/2016');
insert into grade (id, grade, teacher_id, pupil_id, date) values (67, 1, 10, 78, '12/18/2011');
insert into grade (id, grade, teacher_id, pupil_id, date) values (68, 2, 19, 87, '8/10/2007');
insert into grade (id, grade, teacher_id, pupil_id, date) values (69, 4, 18, 77, '10/23/2013');
insert into grade (id, grade, teacher_id, pupil_id, date) values (70, 4, 5, 69, '1/14/2008');
insert into grade (id, grade, teacher_id, pupil_id, date) values (71, 1, 11, 13, '8/3/2018');
insert into grade (id, grade, teacher_id, pupil_id, date) values (72, 2, 17, 97, '6/5/2012');
insert into grade (id, grade, teacher_id, pupil_id, date) values (73, 1, 15, 2, '6/24/2006');
insert into grade (id, grade, teacher_id, pupil_id, date) values (74, 3, 3, 83, '9/1/2012');
insert into grade (id, grade, teacher_id, pupil_id, date) values (75, 5, 3, 46, '7/8/2018');
insert into grade (id, grade, teacher_id, pupil_id, date) values (76, 2, 15, 2, '11/27/2008');
insert into grade (id, grade, teacher_id, pupil_id, date) values (77, 1, 2, 24, '2/22/2011');
insert into grade (id, grade, teacher_id, pupil_id, date) values (78, 2, 14, 69, '2/3/2008');
insert into grade (id, grade, teacher_id, pupil_id, date) values (79, 4, 17, 64, '1/23/2013');
insert into grade (id, grade, teacher_id, pupil_id, date) values (80, 3, 12, 39, '8/27/2008');
insert into grade (id, grade, teacher_id, pupil_id, date) values (81, 4, 9, 61, '4/20/2007');
insert into grade (id, grade, teacher_id, pupil_id, date) values (82, 1, 2, 15, '1/2/2018');
insert into grade (id, grade, teacher_id, pupil_id, date) values (83, 3, 6, 32, '1/30/2014');
insert into grade (id, grade, teacher_id, pupil_id, date) values (84, 3, 9, 51, '8/4/2008');
insert into grade (id, grade, teacher_id, pupil_id, date) values (85, 1, 6, 69, '7/3/2014');
insert into grade (id, grade, teacher_id, pupil_id, date) values (86, 2, 14, 78, '12/9/2018');
insert into grade (id, grade, teacher_id, pupil_id, date) values (87, 5, 11, 35, '12/24/2015');
insert into grade (id, grade, teacher_id, pupil_id, date) values (88, 1, 2, 23, '8/2/2006');
insert into grade (id, grade, teacher_id, pupil_id, date) values (89, 2, 3, 2, '5/10/2012');
insert into grade (id, grade, teacher_id, pupil_id, date) values (90, 3, 19, 72, '8/28/2008');
insert into grade (id, grade, teacher_id, pupil_id, date) values (91, 1, 9, 21, '1/10/2008');
insert into grade (id, grade, teacher_id, pupil_id, date) values (92, 3, 14, 26, '7/29/2012');
insert into grade (id, grade, teacher_id, pupil_id, date) values (93, 5, 10, 17, '3/18/2007');
insert into grade (id, grade, teacher_id, pupil_id, date) values (94, 1, 11, 10, '5/10/2015');
insert into grade (id, grade, teacher_id, pupil_id, date) values (95, 4, 5, 88, '9/1/2016');
insert into grade (id, grade, teacher_id, pupil_id, date) values (96, 1, 19, 45, '2/2/2014');
insert into grade (id, grade, teacher_id, pupil_id, date) values (97, 4, 15, 52, '10/27/2017');
insert into grade (id, grade, teacher_id, pupil_id, date) values (98, 4, 16, 11, '5/26/2019');
insert into grade (id, grade, teacher_id, pupil_id, date) values (99, 1, 5, 9, '4/10/2014');
insert into grade (id, grade, teacher_id, pupil_id, date) values (100, 2, 12, 58, '3/16/2010');
insert into grade (id, grade, teacher_id, pupil_id, date) values (101, 1, 5, 73, '3/12/2019');
insert into grade (id, grade, teacher_id, pupil_id, date) values (102, 4, 2, 84, '6/23/2014');
insert into grade (id, grade, teacher_id, pupil_id, date) values (103, 2, 5, 27, '12/1/2018');
insert into grade (id, grade, teacher_id, pupil_id, date) values (104, 2, 2, 48, '3/17/2018');
insert into grade (id, grade, teacher_id, pupil_id, date) values (105, 4, 4, 57, '7/16/2016');
insert into grade (id, grade, teacher_id, pupil_id, date) values (106, 3, 13, 54, '12/16/2013');
insert into grade (id, grade, teacher_id, pupil_id, date) values (107, 2, 19, 77, '5/26/2009');
insert into grade (id, grade, teacher_id, pupil_id, date) values (108, 1, 12, 44, '2/11/2019');
insert into grade (id, grade, teacher_id, pupil_id, date) values (109, 1, 18, 33, '1/7/2006');
insert into grade (id, grade, teacher_id, pupil_id, date) values (110, 2, 7, 57, '1/29/2009');
insert into grade (id, grade, teacher_id, pupil_id, date) values (111, 4, 14, 26, '11/4/2012');
insert into grade (id, grade, teacher_id, pupil_id, date) values (112, 4, 19, 44, '2/23/2015');
insert into grade (id, grade, teacher_id, pupil_id, date) values (113, 1, 8, 64, '2/23/2019');
insert into grade (id, grade, teacher_id, pupil_id, date) values (114, 5, 5, 50, '5/2/2016');
insert into grade (id, grade, teacher_id, pupil_id, date) values (115, 2, 8, 12, '7/16/2007');
insert into grade (id, grade, teacher_id, pupil_id, date) values (116, 2, 19, 24, '10/18/2007');
insert into grade (id, grade, teacher_id, pupil_id, date) values (117, 4, 7, 87, '11/2/2012');
insert into grade (id, grade, teacher_id, pupil_id, date) values (118, 3, 11, 65, '2/11/2008');
insert into grade (id, grade, teacher_id, pupil_id, date) values (119, 1, 13, 100, '10/21/2007');
insert into grade (id, grade, teacher_id, pupil_id, date) values (120, 3, 10, 21, '9/20/2018');
insert into grade (id, grade, teacher_id, pupil_id, date) values (121, 5, 2, 68, '11/7/2007');
insert into grade (id, grade, teacher_id, pupil_id, date) values (122, 1, 4, 61, '11/10/2009');
insert into grade (id, grade, teacher_id, pupil_id, date) values (123, 2, 19, 99, '1/12/2012');
insert into grade (id, grade, teacher_id, pupil_id, date) values (124, 5, 8, 24, '4/2/2013');
insert into grade (id, grade, teacher_id, pupil_id, date) values (125, 3, 18, 80, '10/24/2008');
insert into grade (id, grade, teacher_id, pupil_id, date) values (126, 1, 14, 31, '3/16/2013');
insert into grade (id, grade, teacher_id, pupil_id, date) values (127, 3, 6, 84, '12/29/2014');
insert into grade (id, grade, teacher_id, pupil_id, date) values (128, 1, 1, 46, '11/18/2016');
insert into grade (id, grade, teacher_id, pupil_id, date) values (129, 3, 12, 17, '9/23/2013');
insert into grade (id, grade, teacher_id, pupil_id, date) values (130, 4, 7, 99, '10/24/2007');
insert into grade (id, grade, teacher_id, pupil_id, date) values (131, 3, 14, 34, '12/4/2006');
insert into grade (id, grade, teacher_id, pupil_id, date) values (132, 5, 1, 69, '4/21/2009');
insert into grade (id, grade, teacher_id, pupil_id, date) values (133, 3, 10, 87, '3/12/2010');
insert into grade (id, grade, teacher_id, pupil_id, date) values (134, 4, 8, 84, '6/12/2018');
insert into grade (id, grade, teacher_id, pupil_id, date) values (135, 1, 11, 92, '5/1/2013');
insert into grade (id, grade, teacher_id, pupil_id, date) values (136, 2, 16, 89, '10/8/2019');
insert into grade (id, grade, teacher_id, pupil_id, date) values (137, 4, 8, 33, '7/23/2014');
insert into grade (id, grade, teacher_id, pupil_id, date) values (138, 3, 4, 3, '1/17/2018');
insert into grade (id, grade, teacher_id, pupil_id, date) values (139, 2, 14, 89, '2/9/2008');
insert into grade (id, grade, teacher_id, pupil_id, date) values (140, 3, 18, 47, '2/21/2006');
insert into grade (id, grade, teacher_id, pupil_id, date) values (141, 2, 9, 20, '1/7/2007');
insert into grade (id, grade, teacher_id, pupil_id, date) values (142, 2, 9, 35, '8/8/2010');
insert into grade (id, grade, teacher_id, pupil_id, date) values (143, 4, 6, 67, '7/12/2011');
insert into grade (id, grade, teacher_id, pupil_id, date) values (144, 4, 16, 57, '3/6/2013');
insert into grade (id, grade, teacher_id, pupil_id, date) values (145, 3, 2, 100, '10/2/2010');
insert into grade (id, grade, teacher_id, pupil_id, date) values (146, 2, 19, 42, '4/20/2009');
insert into grade (id, grade, teacher_id, pupil_id, date) values (147, 2, 2, 42, '12/25/2011');
insert into grade (id, grade, teacher_id, pupil_id, date) values (148, 1, 16, 4, '7/8/2018');
insert into grade (id, grade, teacher_id, pupil_id, date) values (149, 1, 1, 25, '4/9/2014');
insert into grade (id, grade, teacher_id, pupil_id, date) values (150, 1, 20, 42, '3/1/2015');
insert into grade (id, grade, teacher_id, pupil_id, date) values (151, 4, 9, 53, '11/2/2010');
insert into grade (id, grade, teacher_id, pupil_id, date) values (152, 2, 1, 4, '4/9/2006');
insert into grade (id, grade, teacher_id, pupil_id, date) values (153, 1, 4, 46, '10/24/2012');
insert into grade (id, grade, teacher_id, pupil_id, date) values (154, 5, 19, 96, '4/11/2016');
insert into grade (id, grade, teacher_id, pupil_id, date) values (155, 2, 7, 9, '9/23/2015');
insert into grade (id, grade, teacher_id, pupil_id, date) values (156, 4, 19, 68, '3/5/2018');
insert into grade (id, grade, teacher_id, pupil_id, date) values (157, 1, 1, 6, '11/18/2018');
insert into grade (id, grade, teacher_id, pupil_id, date) values (158, 5, 14, 4, '7/7/2010');
insert into grade (id, grade, teacher_id, pupil_id, date) values (159, 4, 4, 67, '12/22/2012');
insert into grade (id, grade, teacher_id, pupil_id, date) values (160, 4, 8, 20, '3/27/2013');
insert into grade (id, grade, teacher_id, pupil_id, date) values (161, 4, 12, 99, '7/26/2014');
insert into grade (id, grade, teacher_id, pupil_id, date) values (162, 3, 14, 98, '8/16/2018');
insert into grade (id, grade, teacher_id, pupil_id, date) values (163, 3, 17, 69, '4/23/2014');
insert into grade (id, grade, teacher_id, pupil_id, date) values (164, 3, 9, 13, '10/27/2012');
insert into grade (id, grade, teacher_id, pupil_id, date) values (165, 3, 13, 51, '2/12/2012');
insert into grade (id, grade, teacher_id, pupil_id, date) values (166, 4, 6, 58, '5/12/2015');
insert into grade (id, grade, teacher_id, pupil_id, date) values (167, 4, 19, 20, '5/3/2010');
insert into grade (id, grade, teacher_id, pupil_id, date) values (168, 5, 14, 5, '4/29/2013');
insert into grade (id, grade, teacher_id, pupil_id, date) values (169, 1, 13, 62, '5/3/2009');
insert into grade (id, grade, teacher_id, pupil_id, date) values (170, 5, 7, 92, '1/1/2015');
insert into grade (id, grade, teacher_id, pupil_id, date) values (171, 5, 19, 39, '1/12/2017');
insert into grade (id, grade, teacher_id, pupil_id, date) values (172, 5, 7, 18, '4/29/2008');
insert into grade (id, grade, teacher_id, pupil_id, date) values (173, 1, 4, 84, '7/5/2017');
insert into grade (id, grade, teacher_id, pupil_id, date) values (174, 5, 12, 4, '3/9/2007');
insert into grade (id, grade, teacher_id, pupil_id, date) values (175, 3, 6, 93, '4/9/2018');
insert into grade (id, grade, teacher_id, pupil_id, date) values (176, 2, 12, 59, '12/14/2015');
insert into grade (id, grade, teacher_id, pupil_id, date) values (177, 5, 1, 94, '6/5/2014');
insert into grade (id, grade, teacher_id, pupil_id, date) values (178, 4, 9, 4, '5/13/2010');
insert into grade (id, grade, teacher_id, pupil_id, date) values (179, 2, 15, 75, '10/26/2013');
insert into grade (id, grade, teacher_id, pupil_id, date) values (180, 2, 20, 92, '12/15/2010');
insert into grade (id, grade, teacher_id, pupil_id, date) values (181, 5, 12, 42, '3/14/2008');
insert into grade (id, grade, teacher_id, pupil_id, date) values (182, 1, 13, 14, '3/18/2014');
insert into grade (id, grade, teacher_id, pupil_id, date) values (183, 4, 12, 66, '9/26/2009');
insert into grade (id, grade, teacher_id, pupil_id, date) values (184, 4, 20, 60, '8/12/2012');
insert into grade (id, grade, teacher_id, pupil_id, date) values (185, 1, 8, 43, '7/30/2008');
insert into grade (id, grade, teacher_id, pupil_id, date) values (186, 4, 9, 31, '3/24/2014');
insert into grade (id, grade, teacher_id, pupil_id, date) values (187, 3, 8, 100, '5/13/2014');
insert into grade (id, grade, teacher_id, pupil_id, date) values (188, 5, 20, 88, '11/22/2016');
insert into grade (id, grade, teacher_id, pupil_id, date) values (189, 4, 9, 72, '8/12/2013');
insert into grade (id, grade, teacher_id, pupil_id, date) values (190, 5, 5, 47, '2/14/2014');
insert into grade (id, grade, teacher_id, pupil_id, date) values (191, 5, 10, 78, '2/10/2014');
insert into grade (id, grade, teacher_id, pupil_id, date) values (192, 2, 13, 45, '5/3/2007');
insert into grade (id, grade, teacher_id, pupil_id, date) values (193, 5, 7, 4, '12/1/2006');
insert into grade (id, grade, teacher_id, pupil_id, date) values (194, 4, 4, 32, '3/1/2006');
insert into grade (id, grade, teacher_id, pupil_id, date) values (195, 1, 13, 87, '12/20/2017');
insert into grade (id, grade, teacher_id, pupil_id, date) values (196, 3, 11, 28, '5/3/2019');
insert into grade (id, grade, teacher_id, pupil_id, date) values (197, 2, 1, 9, '11/3/2007');
insert into grade (id, grade, teacher_id, pupil_id, date) values (198, 4, 13, 82, '5/1/2016');
insert into grade (id, grade, teacher_id, pupil_id, date) values (199, 5, 15, 70, '7/19/2013');
insert into grade (id, grade, teacher_id, pupil_id, date) values (200, 3, 4, 34, '2/17/2019');
insert into grade (id, grade, teacher_id, pupil_id, date) values (201, 5, 9, 71, '3/20/2018');
insert into grade (id, grade, teacher_id, pupil_id, date) values (202, 1, 15, 87, '9/6/2009');
insert into grade (id, grade, teacher_id, pupil_id, date) values (203, 4, 8, 45, '8/8/2019');
insert into grade (id, grade, teacher_id, pupil_id, date) values (204, 3, 17, 35, '8/1/2006');
insert into grade (id, grade, teacher_id, pupil_id, date) values (205, 1, 14, 76, '10/7/2013');
insert into grade (id, grade, teacher_id, pupil_id, date) values (206, 3, 9, 20, '3/19/2013');
insert into grade (id, grade, teacher_id, pupil_id, date) values (207, 2, 5, 21, '2/11/2014');
insert into grade (id, grade, teacher_id, pupil_id, date) values (208, 3, 1, 55, '12/26/2014');
insert into grade (id, grade, teacher_id, pupil_id, date) values (209, 3, 14, 31, '2/16/2011');
insert into grade (id, grade, teacher_id, pupil_id, date) values (210, 2, 15, 11, '3/26/2014');
insert into grade (id, grade, teacher_id, pupil_id, date) values (211, 4, 5, 2, '5/23/2017');
insert into grade (id, grade, teacher_id, pupil_id, date) values (212, 1, 18, 1, '8/2/2007');
insert into grade (id, grade, teacher_id, pupil_id, date) values (213, 2, 2, 30, '2/29/2008');
insert into grade (id, grade, teacher_id, pupil_id, date) values (214, 2, 5, 84, '5/27/2015');
insert into grade (id, grade, teacher_id, pupil_id, date) values (215, 4, 7, 7, '8/17/2006');
insert into grade (id, grade, teacher_id, pupil_id, date) values (216, 5, 13, 48, '3/4/2018');
insert into grade (id, grade, teacher_id, pupil_id, date) values (217, 3, 1, 53, '4/28/2007');
insert into grade (id, grade, teacher_id, pupil_id, date) values (218, 1, 4, 8, '11/25/2009');
insert into grade (id, grade, teacher_id, pupil_id, date) values (219, 5, 5, 89, '1/15/2010');
insert into grade (id, grade, teacher_id, pupil_id, date) values (220, 5, 13, 25, '3/10/2016');
insert into grade (id, grade, teacher_id, pupil_id, date) values (221, 5, 2, 69, '3/3/2013');
insert into grade (id, grade, teacher_id, pupil_id, date) values (222, 3, 7, 92, '8/18/2017');
insert into grade (id, grade, teacher_id, pupil_id, date) values (223, 1, 15, 30, '11/6/2013');
insert into grade (id, grade, teacher_id, pupil_id, date) values (224, 5, 4, 34, '4/4/2006');
insert into grade (id, grade, teacher_id, pupil_id, date) values (225, 5, 1, 97, '3/8/2018');
insert into grade (id, grade, teacher_id, pupil_id, date) values (226, 3, 15, 45, '8/29/2016');
insert into grade (id, grade, teacher_id, pupil_id, date) values (227, 3, 7, 50, '3/13/2012');
insert into grade (id, grade, teacher_id, pupil_id, date) values (228, 2, 6, 80, '12/12/2010');
insert into grade (id, grade, teacher_id, pupil_id, date) values (229, 1, 1, 7, '6/8/2013');
insert into grade (id, grade, teacher_id, pupil_id, date) values (230, 5, 18, 40, '10/13/2009');
insert into grade (id, grade, teacher_id, pupil_id, date) values (231, 2, 7, 99, '1/14/2018');
insert into grade (id, grade, teacher_id, pupil_id, date) values (232, 5, 19, 67, '12/4/2017');
insert into grade (id, grade, teacher_id, pupil_id, date) values (233, 5, 4, 25, '12/11/2007');
insert into grade (id, grade, teacher_id, pupil_id, date) values (234, 5, 20, 57, '2/29/2012');
insert into grade (id, grade, teacher_id, pupil_id, date) values (235, 4, 6, 82, '1/7/2015');
insert into grade (id, grade, teacher_id, pupil_id, date) values (236, 2, 11, 3, '9/6/2012');
insert into grade (id, grade, teacher_id, pupil_id, date) values (237, 4, 18, 4, '12/26/2015');
insert into grade (id, grade, teacher_id, pupil_id, date) values (238, 1, 19, 92, '12/3/2009');
insert into grade (id, grade, teacher_id, pupil_id, date) values (239, 1, 9, 87, '5/20/2012');
insert into grade (id, grade, teacher_id, pupil_id, date) values (240, 3, 7, 2, '10/24/2010');
insert into grade (id, grade, teacher_id, pupil_id, date) values (241, 3, 16, 17, '9/25/2006');
insert into grade (id, grade, teacher_id, pupil_id, date) values (242, 4, 14, 27, '9/28/2007');
insert into grade (id, grade, teacher_id, pupil_id, date) values (243, 2, 19, 83, '4/14/2017');
insert into grade (id, grade, teacher_id, pupil_id, date) values (244, 5, 10, 77, '4/14/2016');
insert into grade (id, grade, teacher_id, pupil_id, date) values (245, 5, 3, 14, '6/30/2011');
insert into grade (id, grade, teacher_id, pupil_id, date) values (246, 5, 11, 67, '8/26/2010');
insert into grade (id, grade, teacher_id, pupil_id, date) values (247, 1, 1, 53, '6/26/2010');
insert into grade (id, grade, teacher_id, pupil_id, date) values (248, 1, 7, 79, '4/12/2009');
insert into grade (id, grade, teacher_id, pupil_id, date) values (249, 3, 19, 61, '7/13/2014');
insert into grade (id, grade, teacher_id, pupil_id, date) values (250, 3, 5, 82, '9/25/2011');
insert into grade (id, grade, teacher_id, pupil_id, date) values (251, 4, 3, 73, '12/8/2018');
insert into grade (id, grade, teacher_id, pupil_id, date) values (252, 3, 12, 92, '9/23/2010');
insert into grade (id, grade, teacher_id, pupil_id, date) values (253, 4, 13, 58, '11/13/2017');
insert into grade (id, grade, teacher_id, pupil_id, date) values (254, 5, 20, 64, '8/28/2019');
insert into grade (id, grade, teacher_id, pupil_id, date) values (255, 5, 7, 27, '5/8/2006');
insert into grade (id, grade, teacher_id, pupil_id, date) values (256, 5, 14, 40, '2/26/2016');
insert into grade (id, grade, teacher_id, pupil_id, date) values (257, 5, 5, 46, '6/1/2006');
insert into grade (id, grade, teacher_id, pupil_id, date) values (258, 2, 5, 11, '10/9/2006');
insert into grade (id, grade, teacher_id, pupil_id, date) values (259, 2, 17, 46, '12/1/2005');
insert into grade (id, grade, teacher_id, pupil_id, date) values (260, 1, 12, 23, '10/26/2005');
insert into grade (id, grade, teacher_id, pupil_id, date) values (261, 4, 17, 34, '1/17/2019');
insert into grade (id, grade, teacher_id, pupil_id, date) values (262, 2, 20, 9, '9/3/2012');
insert into grade (id, grade, teacher_id, pupil_id, date) values (263, 2, 7, 48, '1/30/2013');
insert into grade (id, grade, teacher_id, pupil_id, date) values (264, 1, 17, 61, '4/24/2011');
insert into grade (id, grade, teacher_id, pupil_id, date) values (265, 2, 8, 67, '12/5/2016');
insert into grade (id, grade, teacher_id, pupil_id, date) values (266, 1, 8, 16, '9/15/2018');
insert into grade (id, grade, teacher_id, pupil_id, date) values (267, 2, 7, 58, '6/9/2008');
insert into grade (id, grade, teacher_id, pupil_id, date) values (268, 2, 6, 81, '6/2/2014');
insert into grade (id, grade, teacher_id, pupil_id, date) values (269, 3, 18, 52, '5/15/2012');
insert into grade (id, grade, teacher_id, pupil_id, date) values (270, 4, 19, 32, '7/23/2008');
insert into grade (id, grade, teacher_id, pupil_id, date) values (271, 5, 15, 3, '6/9/2008');
insert into grade (id, grade, teacher_id, pupil_id, date) values (272, 3, 9, 4, '2/8/2010');
insert into grade (id, grade, teacher_id, pupil_id, date) values (273, 2, 11, 2, '3/14/2013');
insert into grade (id, grade, teacher_id, pupil_id, date) values (274, 2, 1, 16, '9/11/2014');
insert into grade (id, grade, teacher_id, pupil_id, date) values (275, 1, 9, 8, '9/29/2007');
insert into grade (id, grade, teacher_id, pupil_id, date) values (276, 3, 4, 74, '8/29/2016');
insert into grade (id, grade, teacher_id, pupil_id, date) values (277, 1, 20, 100, '2/21/2019');
insert into grade (id, grade, teacher_id, pupil_id, date) values (278, 3, 14, 96, '6/12/2012');
insert into grade (id, grade, teacher_id, pupil_id, date) values (279, 3, 5, 29, '2/20/2017');
insert into grade (id, grade, teacher_id, pupil_id, date) values (280, 1, 11, 49, '1/6/2011');
insert into grade (id, grade, teacher_id, pupil_id, date) values (281, 1, 7, 66, '7/3/2015');
insert into grade (id, grade, teacher_id, pupil_id, date) values (282, 5, 18, 96, '1/3/2006');
insert into grade (id, grade, teacher_id, pupil_id, date) values (283, 3, 20, 45, '3/2/2019');
insert into grade (id, grade, teacher_id, pupil_id, date) values (284, 5, 13, 43, '2/1/2015');
insert into grade (id, grade, teacher_id, pupil_id, date) values (285, 4, 20, 87, '1/5/2011');
insert into grade (id, grade, teacher_id, pupil_id, date) values (286, 2, 2, 83, '5/23/2007');
insert into grade (id, grade, teacher_id, pupil_id, date) values (287, 5, 13, 41, '6/18/2007');
insert into grade (id, grade, teacher_id, pupil_id, date) values (288, 3, 10, 38, '3/4/2008');
insert into grade (id, grade, teacher_id, pupil_id, date) values (289, 1, 15, 81, '4/17/2019');
insert into grade (id, grade, teacher_id, pupil_id, date) values (290, 4, 18, 38, '12/24/2010');
insert into grade (id, grade, teacher_id, pupil_id, date) values (291, 1, 13, 97, '5/18/2016');
insert into grade (id, grade, teacher_id, pupil_id, date) values (292, 3, 4, 80, '6/17/2009');
insert into grade (id, grade, teacher_id, pupil_id, date) values (293, 2, 13, 78, '9/18/2011');
insert into grade (id, grade, teacher_id, pupil_id, date) values (294, 1, 20, 78, '4/20/2010');
insert into grade (id, grade, teacher_id, pupil_id, date) values (295, 3, 12, 52, '6/17/2016');
insert into grade (id, grade, teacher_id, pupil_id, date) values (296, 3, 10, 92, '8/23/2017');
insert into grade (id, grade, teacher_id, pupil_id, date) values (297, 3, 13, 86, '1/12/2009');
insert into grade (id, grade, teacher_id, pupil_id, date) values (298, 1, 2, 38, '3/14/2007');
insert into grade (id, grade, teacher_id, pupil_id, date) values (299, 4, 10, 2, '3/9/2018');
insert into grade (id, grade, teacher_id, pupil_id, date) values (300, 4, 1, 48, '9/9/2015');
insert into grade (id, grade, teacher_id, pupil_id, date) values (301, 5, 2, 69, '9/13/2012');
insert into grade (id, grade, teacher_id, pupil_id, date) values (302, 2, 9, 26, '8/16/2007');
insert into grade (id, grade, teacher_id, pupil_id, date) values (303, 2, 10, 93, '1/4/2017');
insert into grade (id, grade, teacher_id, pupil_id, date) values (304, 1, 13, 27, '8/1/2018');
insert into grade (id, grade, teacher_id, pupil_id, date) values (305, 5, 1, 56, '6/14/2012');
insert into grade (id, grade, teacher_id, pupil_id, date) values (306, 1, 13, 65, '6/24/2006');
insert into grade (id, grade, teacher_id, pupil_id, date) values (307, 4, 19, 79, '8/3/2006');
insert into grade (id, grade, teacher_id, pupil_id, date) values (308, 1, 18, 71, '4/8/2006');
insert into grade (id, grade, teacher_id, pupil_id, date) values (309, 3, 2, 52, '12/27/2012');
insert into grade (id, grade, teacher_id, pupil_id, date) values (310, 4, 2, 60, '5/14/2015');
insert into grade (id, grade, teacher_id, pupil_id, date) values (311, 5, 6, 71, '8/25/2011');
insert into grade (id, grade, teacher_id, pupil_id, date) values (312, 3, 4, 64, '8/12/2019');
insert into grade (id, grade, teacher_id, pupil_id, date) values (313, 4, 14, 53, '5/19/2008');
insert into grade (id, grade, teacher_id, pupil_id, date) values (314, 2, 7, 64, '11/9/2018');
insert into grade (id, grade, teacher_id, pupil_id, date) values (315, 5, 13, 47, '11/3/2012');
insert into grade (id, grade, teacher_id, pupil_id, date) values (316, 1, 11, 67, '1/31/2018');
insert into grade (id, grade, teacher_id, pupil_id, date) values (317, 3, 12, 86, '6/11/2015');
insert into grade (id, grade, teacher_id, pupil_id, date) values (318, 4, 13, 11, '11/27/2005');
insert into grade (id, grade, teacher_id, pupil_id, date) values (319, 5, 18, 99, '6/15/2010');
insert into grade (id, grade, teacher_id, pupil_id, date) values (320, 3, 3, 23, '8/3/2010');
insert into grade (id, grade, teacher_id, pupil_id, date) values (321, 5, 5, 87, '6/18/2014');
insert into grade (id, grade, teacher_id, pupil_id, date) values (322, 5, 5, 62, '4/6/2007');
insert into grade (id, grade, teacher_id, pupil_id, date) values (323, 3, 19, 64, '9/25/2008');
insert into grade (id, grade, teacher_id, pupil_id, date) values (324, 2, 13, 97, '12/27/2016');
insert into grade (id, grade, teacher_id, pupil_id, date) values (325, 1, 4, 84, '12/26/2007');
insert into grade (id, grade, teacher_id, pupil_id, date) values (326, 3, 8, 56, '8/21/2018');
insert into grade (id, grade, teacher_id, pupil_id, date) values (327, 5, 7, 32, '5/17/2014');
insert into grade (id, grade, teacher_id, pupil_id, date) values (328, 4, 3, 34, '1/10/2018');
insert into grade (id, grade, teacher_id, pupil_id, date) values (329, 1, 16, 27, '3/8/2013');
insert into grade (id, grade, teacher_id, pupil_id, date) values (330, 5, 19, 70, '12/11/2014');
insert into grade (id, grade, teacher_id, pupil_id, date) values (331, 5, 6, 65, '3/26/2010');
insert into grade (id, grade, teacher_id, pupil_id, date) values (332, 3, 11, 17, '3/21/2019');
insert into grade (id, grade, teacher_id, pupil_id, date) values (333, 1, 10, 82, '10/30/2018');
insert into grade (id, grade, teacher_id, pupil_id, date) values (334, 4, 2, 51, '5/7/2006');
insert into grade (id, grade, teacher_id, pupil_id, date) values (335, 5, 10, 72, '11/25/2006');
insert into grade (id, grade, teacher_id, pupil_id, date) values (336, 5, 20, 53, '6/26/2009');
insert into grade (id, grade, teacher_id, pupil_id, date) values (337, 2, 10, 80, '12/30/2015');
insert into grade (id, grade, teacher_id, pupil_id, date) values (338, 2, 16, 99, '1/15/2019');
insert into grade (id, grade, teacher_id, pupil_id, date) values (339, 1, 18, 17, '9/16/2009');
insert into grade (id, grade, teacher_id, pupil_id, date) values (340, 4, 9, 22, '5/25/2008');
insert into grade (id, grade, teacher_id, pupil_id, date) values (341, 4, 19, 92, '4/29/2013');
insert into grade (id, grade, teacher_id, pupil_id, date) values (342, 5, 5, 86, '6/19/2017');
insert into grade (id, grade, teacher_id, pupil_id, date) values (343, 1, 6, 56, '1/25/2012');
insert into grade (id, grade, teacher_id, pupil_id, date) values (344, 2, 5, 33, '11/1/2005');
insert into grade (id, grade, teacher_id, pupil_id, date) values (345, 4, 12, 26, '3/17/2006');
insert into grade (id, grade, teacher_id, pupil_id, date) values (346, 5, 16, 56, '9/21/2007');
insert into grade (id, grade, teacher_id, pupil_id, date) values (347, 2, 2, 30, '8/13/2017');
insert into grade (id, grade, teacher_id, pupil_id, date) values (348, 3, 1, 71, '12/29/2010');
insert into grade (id, grade, teacher_id, pupil_id, date) values (349, 1, 7, 75, '9/28/2007');
insert into grade (id, grade, teacher_id, pupil_id, date) values (350, 5, 16, 26, '3/24/2015');
insert into grade (id, grade, teacher_id, pupil_id, date) values (351, 5, 11, 34, '3/29/2017');
insert into grade (id, grade, teacher_id, pupil_id, date) values (352, 5, 10, 37, '2/20/2018');
insert into grade (id, grade, teacher_id, pupil_id, date) values (353, 5, 5, 86, '10/3/2018');
insert into grade (id, grade, teacher_id, pupil_id, date) values (354, 3, 6, 50, '2/26/2014');
insert into grade (id, grade, teacher_id, pupil_id, date) values (355, 2, 3, 98, '9/11/2017');
insert into grade (id, grade, teacher_id, pupil_id, date) values (356, 4, 14, 64, '11/22/2016');
insert into grade (id, grade, teacher_id, pupil_id, date) values (357, 4, 3, 40, '10/11/2011');
insert into grade (id, grade, teacher_id, pupil_id, date) values (358, 1, 7, 89, '12/19/2008');
insert into grade (id, grade, teacher_id, pupil_id, date) values (359, 2, 5, 28, '5/30/2010');
insert into grade (id, grade, teacher_id, pupil_id, date) values (360, 4, 16, 97, '3/1/2016');
insert into grade (id, grade, teacher_id, pupil_id, date) values (361, 4, 20, 77, '5/28/2012');
insert into grade (id, grade, teacher_id, pupil_id, date) values (362, 2, 5, 54, '6/7/2008');
insert into grade (id, grade, teacher_id, pupil_id, date) values (363, 3, 20, 11, '9/14/2012');
insert into grade (id, grade, teacher_id, pupil_id, date) values (364, 3, 9, 40, '6/27/2009');
insert into grade (id, grade, teacher_id, pupil_id, date) values (365, 1, 9, 98, '6/28/2007');
insert into grade (id, grade, teacher_id, pupil_id, date) values (366, 4, 6, 62, '9/2/2019');
insert into grade (id, grade, teacher_id, pupil_id, date) values (367, 4, 7, 12, '10/22/2018');
insert into grade (id, grade, teacher_id, pupil_id, date) values (368, 4, 3, 27, '12/11/2006');
insert into grade (id, grade, teacher_id, pupil_id, date) values (369, 3, 2, 79, '12/14/2006');
insert into grade (id, grade, teacher_id, pupil_id, date) values (370, 5, 4, 38, '11/15/2009');
insert into grade (id, grade, teacher_id, pupil_id, date) values (371, 3, 15, 67, '5/1/2007');
insert into grade (id, grade, teacher_id, pupil_id, date) values (372, 2, 11, 70, '1/6/2018');
insert into grade (id, grade, teacher_id, pupil_id, date) values (373, 2, 16, 61, '1/20/2013');
insert into grade (id, grade, teacher_id, pupil_id, date) values (374, 2, 15, 3, '11/18/2006');
insert into grade (id, grade, teacher_id, pupil_id, date) values (375, 3, 20, 71, '6/9/2008');
insert into grade (id, grade, teacher_id, pupil_id, date) values (376, 4, 15, 85, '12/28/2016');
insert into grade (id, grade, teacher_id, pupil_id, date) values (377, 4, 15, 59, '4/6/2009');
insert into grade (id, grade, teacher_id, pupil_id, date) values (378, 4, 8, 84, '6/8/2019');
insert into grade (id, grade, teacher_id, pupil_id, date) values (379, 5, 16, 70, '8/28/2018');
insert into grade (id, grade, teacher_id, pupil_id, date) values (380, 2, 1, 70, '9/28/2016');
insert into grade (id, grade, teacher_id, pupil_id, date) values (381, 5, 13, 86, '8/7/2006');
insert into grade (id, grade, teacher_id, pupil_id, date) values (382, 2, 5, 57, '7/15/2014');
insert into grade (id, grade, teacher_id, pupil_id, date) values (383, 1, 9, 82, '12/24/2013');
insert into grade (id, grade, teacher_id, pupil_id, date) values (384, 2, 11, 13, '1/4/2010');
insert into grade (id, grade, teacher_id, pupil_id, date) values (385, 5, 4, 10, '8/19/2018');
insert into grade (id, grade, teacher_id, pupil_id, date) values (386, 2, 11, 100, '4/10/2017');
insert into grade (id, grade, teacher_id, pupil_id, date) values (387, 4, 18, 7, '11/15/2005');
insert into grade (id, grade, teacher_id, pupil_id, date) values (388, 5, 17, 53, '2/18/2015');
insert into grade (id, grade, teacher_id, pupil_id, date) values (389, 2, 11, 40, '6/19/2013');
insert into grade (id, grade, teacher_id, pupil_id, date) values (390, 2, 20, 30, '2/4/2008');
insert into grade (id, grade, teacher_id, pupil_id, date) values (391, 3, 7, 21, '1/2/2018');
insert into grade (id, grade, teacher_id, pupil_id, date) values (392, 1, 11, 37, '7/18/2011');
insert into grade (id, grade, teacher_id, pupil_id, date) values (393, 1, 7, 47, '5/19/2010');
insert into grade (id, grade, teacher_id, pupil_id, date) values (394, 3, 5, 10, '5/8/2009');
insert into grade (id, grade, teacher_id, pupil_id, date) values (395, 5, 4, 64, '9/17/2016');
insert into grade (id, grade, teacher_id, pupil_id, date) values (396, 4, 15, 22, '4/10/2008');
insert into grade (id, grade, teacher_id, pupil_id, date) values (397, 4, 17, 90, '1/23/2010');
insert into grade (id, grade, teacher_id, pupil_id, date) values (398, 2, 3, 71, '1/22/2013');
insert into grade (id, grade, teacher_id, pupil_id, date) values (399, 5, 1, 44, '10/27/2010');
insert into grade (id, grade, teacher_id, pupil_id, date) values (400, 5, 16, 98, '3/2/2016');
insert into grade (id, grade, teacher_id, pupil_id, date) values (401, 2, 11, 73, '11/25/2006');
insert into grade (id, grade, teacher_id, pupil_id, date) values (402, 1, 13, 16, '3/3/2018');
insert into grade (id, grade, teacher_id, pupil_id, date) values (403, 1, 17, 58, '6/14/2014');
insert into grade (id, grade, teacher_id, pupil_id, date) values (404, 3, 20, 30, '7/26/2018');
insert into grade (id, grade, teacher_id, pupil_id, date) values (405, 1, 11, 63, '5/12/2011');
insert into grade (id, grade, teacher_id, pupil_id, date) values (406, 2, 12, 27, '1/30/2016');
insert into grade (id, grade, teacher_id, pupil_id, date) values (407, 1, 10, 91, '9/24/2019');
insert into grade (id, grade, teacher_id, pupil_id, date) values (408, 4, 18, 30, '5/19/2013');
insert into grade (id, grade, teacher_id, pupil_id, date) values (409, 3, 11, 88, '8/6/2009');
insert into grade (id, grade, teacher_id, pupil_id, date) values (410, 1, 19, 33, '2/1/2014');
insert into grade (id, grade, teacher_id, pupil_id, date) values (411, 1, 14, 33, '10/24/2018');
insert into grade (id, grade, teacher_id, pupil_id, date) values (412, 1, 5, 99, '7/30/2008');
insert into grade (id, grade, teacher_id, pupil_id, date) values (413, 1, 20, 44, '6/30/2006');
insert into grade (id, grade, teacher_id, pupil_id, date) values (414, 5, 7, 82, '4/27/2010');
insert into grade (id, grade, teacher_id, pupil_id, date) values (415, 5, 16, 9, '4/25/2018');
insert into grade (id, grade, teacher_id, pupil_id, date) values (416, 5, 14, 42, '3/11/2008');
insert into grade (id, grade, teacher_id, pupil_id, date) values (417, 1, 19, 87, '3/11/2019');
insert into grade (id, grade, teacher_id, pupil_id, date) values (418, 1, 19, 81, '8/17/2014');
insert into grade (id, grade, teacher_id, pupil_id, date) values (419, 5, 1, 49, '9/26/2013');
insert into grade (id, grade, teacher_id, pupil_id, date) values (420, 3, 3, 66, '10/24/2008');
insert into grade (id, grade, teacher_id, pupil_id, date) values (421, 4, 2, 66, '7/19/2009');
insert into grade (id, grade, teacher_id, pupil_id, date) values (422, 3, 20, 79, '5/18/2010');
insert into grade (id, grade, teacher_id, pupil_id, date) values (423, 3, 13, 14, '10/3/2009');
insert into grade (id, grade, teacher_id, pupil_id, date) values (424, 5, 1, 95, '11/17/2018');
insert into grade (id, grade, teacher_id, pupil_id, date) values (425, 5, 11, 86, '7/6/2015');
insert into grade (id, grade, teacher_id, pupil_id, date) values (426, 2, 9, 99, '6/11/2007');
insert into grade (id, grade, teacher_id, pupil_id, date) values (427, 1, 5, 43, '11/5/2005');
insert into grade (id, grade, teacher_id, pupil_id, date) values (428, 4, 11, 14, '2/7/2012');
insert into grade (id, grade, teacher_id, pupil_id, date) values (429, 4, 10, 35, '1/2/2006');
insert into grade (id, grade, teacher_id, pupil_id, date) values (430, 2, 14, 8, '1/21/2014');
insert into grade (id, grade, teacher_id, pupil_id, date) values (431, 3, 11, 45, '4/11/2018');
insert into grade (id, grade, teacher_id, pupil_id, date) values (432, 3, 1, 75, '5/4/2012');
insert into grade (id, grade, teacher_id, pupil_id, date) values (433, 5, 9, 84, '9/26/2017');
insert into grade (id, grade, teacher_id, pupil_id, date) values (434, 3, 7, 69, '11/5/2009');
insert into grade (id, grade, teacher_id, pupil_id, date) values (435, 4, 15, 85, '12/11/2015');
insert into grade (id, grade, teacher_id, pupil_id, date) values (436, 2, 10, 66, '5/19/2015');
insert into grade (id, grade, teacher_id, pupil_id, date) values (437, 4, 6, 25, '11/2/2007');
insert into grade (id, grade, teacher_id, pupil_id, date) values (438, 4, 14, 19, '9/2/2016');
insert into grade (id, grade, teacher_id, pupil_id, date) values (439, 4, 1, 86, '7/11/2012');
insert into grade (id, grade, teacher_id, pupil_id, date) values (440, 3, 3, 94, '4/18/2017');
insert into grade (id, grade, teacher_id, pupil_id, date) values (441, 2, 9, 60, '4/29/2018');
insert into grade (id, grade, teacher_id, pupil_id, date) values (442, 3, 3, 83, '9/14/2018');
insert into grade (id, grade, teacher_id, pupil_id, date) values (443, 5, 1, 26, '8/22/2008');
insert into grade (id, grade, teacher_id, pupil_id, date) values (444, 1, 15, 76, '8/21/2008');
insert into grade (id, grade, teacher_id, pupil_id, date) values (445, 2, 6, 97, '1/14/2011');
insert into grade (id, grade, teacher_id, pupil_id, date) values (446, 3, 18, 98, '7/9/2014');
insert into grade (id, grade, teacher_id, pupil_id, date) values (447, 1, 16, 38, '7/14/2007');
insert into grade (id, grade, teacher_id, pupil_id, date) values (448, 5, 17, 98, '9/10/2015');
insert into grade (id, grade, teacher_id, pupil_id, date) values (449, 5, 19, 81, '6/26/2013');
insert into grade (id, grade, teacher_id, pupil_id, date) values (450, 1, 18, 84, '3/14/2018');
insert into grade (id, grade, teacher_id, pupil_id, date) values (451, 5, 17, 99, '8/22/2016');
insert into grade (id, grade, teacher_id, pupil_id, date) values (452, 2, 1, 93, '6/4/2010');
insert into grade (id, grade, teacher_id, pupil_id, date) values (453, 5, 5, 95, '6/27/2011');
insert into grade (id, grade, teacher_id, pupil_id, date) values (454, 5, 18, 22, '7/18/2012');
insert into grade (id, grade, teacher_id, pupil_id, date) values (455, 4, 1, 63, '6/27/2010');
insert into grade (id, grade, teacher_id, pupil_id, date) values (456, 5, 7, 22, '7/25/2016');
insert into grade (id, grade, teacher_id, pupil_id, date) values (457, 4, 20, 40, '2/13/2018');
insert into grade (id, grade, teacher_id, pupil_id, date) values (458, 5, 9, 7, '9/24/2006');
insert into grade (id, grade, teacher_id, pupil_id, date) values (459, 5, 1, 81, '5/25/2016');
insert into grade (id, grade, teacher_id, pupil_id, date) values (460, 4, 11, 8, '4/2/2011');
insert into grade (id, grade, teacher_id, pupil_id, date) values (461, 3, 9, 62, '10/30/2005');
insert into grade (id, grade, teacher_id, pupil_id, date) values (462, 5, 9, 68, '6/11/2014');
insert into grade (id, grade, teacher_id, pupil_id, date) values (463, 3, 10, 87, '6/6/2010');
insert into grade (id, grade, teacher_id, pupil_id, date) values (464, 3, 8, 86, '5/17/2014');
insert into grade (id, grade, teacher_id, pupil_id, date) values (465, 2, 4, 20, '8/5/2007');
insert into grade (id, grade, teacher_id, pupil_id, date) values (466, 5, 20, 6, '5/21/2014');
insert into grade (id, grade, teacher_id, pupil_id, date) values (467, 4, 8, 82, '2/2/2007');
insert into grade (id, grade, teacher_id, pupil_id, date) values (468, 5, 2, 75, '6/26/2007');
insert into grade (id, grade, teacher_id, pupil_id, date) values (469, 1, 19, 83, '1/17/2011');
insert into grade (id, grade, teacher_id, pupil_id, date) values (470, 2, 6, 65, '12/10/2017');
insert into grade (id, grade, teacher_id, pupil_id, date) values (471, 2, 3, 16, '7/6/2016');
insert into grade (id, grade, teacher_id, pupil_id, date) values (472, 1, 9, 52, '4/14/2011');
insert into grade (id, grade, teacher_id, pupil_id, date) values (473, 1, 2, 65, '9/6/2010');
insert into grade (id, grade, teacher_id, pupil_id, date) values (474, 4, 2, 80, '4/13/2012');
insert into grade (id, grade, teacher_id, pupil_id, date) values (475, 4, 16, 28, '8/26/2014');
insert into grade (id, grade, teacher_id, pupil_id, date) values (476, 4, 11, 55, '3/31/2007');
insert into grade (id, grade, teacher_id, pupil_id, date) values (477, 1, 1, 98, '8/2/2014');
insert into grade (id, grade, teacher_id, pupil_id, date) values (478, 1, 14, 69, '4/25/2008');
insert into grade (id, grade, teacher_id, pupil_id, date) values (479, 3, 18, 31, '10/21/2018');
insert into grade (id, grade, teacher_id, pupil_id, date) values (480, 3, 2, 37, '1/10/2008');
insert into grade (id, grade, teacher_id, pupil_id, date) values (481, 2, 4, 8, '1/23/2019');
insert into grade (id, grade, teacher_id, pupil_id, date) values (482, 1, 8, 28, '3/6/2012');
insert into grade (id, grade, teacher_id, pupil_id, date) values (483, 3, 17, 99, '12/11/2018');
insert into grade (id, grade, teacher_id, pupil_id, date) values (484, 1, 9, 24, '10/5/2019');
insert into grade (id, grade, teacher_id, pupil_id, date) values (485, 1, 4, 78, '8/8/2007');
insert into grade (id, grade, teacher_id, pupil_id, date) values (486, 5, 9, 19, '2/1/2008');
insert into grade (id, grade, teacher_id, pupil_id, date) values (487, 5, 13, 93, '1/8/2011');
insert into grade (id, grade, teacher_id, pupil_id, date) values (488, 4, 6, 60, '9/1/2013');
insert into grade (id, grade, teacher_id, pupil_id, date) values (489, 2, 18, 58, '2/14/2010');
insert into grade (id, grade, teacher_id, pupil_id, date) values (490, 2, 2, 24, '1/27/2008');
insert into grade (id, grade, teacher_id, pupil_id, date) values (491, 2, 9, 35, '3/21/2010');
insert into grade (id, grade, teacher_id, pupil_id, date) values (492, 2, 9, 47, '10/11/2006');
insert into grade (id, grade, teacher_id, pupil_id, date) values (493, 2, 5, 10, '7/13/2011');
insert into grade (id, grade, teacher_id, pupil_id, date) values (494, 4, 8, 46, '7/19/2008');
insert into grade (id, grade, teacher_id, pupil_id, date) values (495, 3, 16, 40, '8/6/2007');
insert into grade (id, grade, teacher_id, pupil_id, date) values (496, 1, 16, 19, '12/24/2013');
insert into grade (id, grade, teacher_id, pupil_id, date) values (497, 4, 2, 78, '6/6/2013');
insert into grade (id, grade, teacher_id, pupil_id, date) values (498, 5, 5, 96, '3/1/2012');
insert into grade (id, grade, teacher_id, pupil_id, date) values (499, 1, 7, 17, '4/30/2019');
insert into grade (id, grade, teacher_id, pupil_id, date) values (500, 3, 1, 76, '3/28/2013');
insert into grade (id, grade, teacher_id, pupil_id, date) values (501, 5, 1, 89, '10/15/2008');
insert into grade (id, grade, teacher_id, pupil_id, date) values (502, 1, 7, 75, '5/3/2016');
insert into grade (id, grade, teacher_id, pupil_id, date) values (503, 2, 5, 30, '12/27/2014');
insert into grade (id, grade, teacher_id, pupil_id, date) values (504, 1, 8, 89, '2/27/2010');
insert into grade (id, grade, teacher_id, pupil_id, date) values (505, 4, 9, 72, '10/5/2010');
insert into grade (id, grade, teacher_id, pupil_id, date) values (506, 5, 11, 73, '5/6/2015');
insert into grade (id, grade, teacher_id, pupil_id, date) values (507, 3, 17, 64, '10/1/2019');
insert into grade (id, grade, teacher_id, pupil_id, date) values (508, 4, 11, 30, '1/3/2019');
insert into grade (id, grade, teacher_id, pupil_id, date) values (509, 5, 4, 31, '12/30/2009');
insert into grade (id, grade, teacher_id, pupil_id, date) values (510, 4, 4, 50, '11/17/2010');
insert into grade (id, grade, teacher_id, pupil_id, date) values (511, 5, 19, 35, '7/16/2019');
insert into grade (id, grade, teacher_id, pupil_id, date) values (512, 4, 4, 2, '9/26/2013');
insert into grade (id, grade, teacher_id, pupil_id, date) values (513, 3, 4, 69, '6/4/2006');
insert into grade (id, grade, teacher_id, pupil_id, date) values (514, 5, 20, 82, '11/16/2008');
insert into grade (id, grade, teacher_id, pupil_id, date) values (515, 2, 7, 47, '3/21/2014');
insert into grade (id, grade, teacher_id, pupil_id, date) values (516, 2, 17, 43, '3/8/2006');
insert into grade (id, grade, teacher_id, pupil_id, date) values (517, 3, 7, 16, '5/3/2008');
insert into grade (id, grade, teacher_id, pupil_id, date) values (518, 2, 9, 13, '11/24/2014');
insert into grade (id, grade, teacher_id, pupil_id, date) values (519, 1, 17, 6, '8/5/2014');
insert into grade (id, grade, teacher_id, pupil_id, date) values (520, 4, 20, 56, '1/22/2009');
insert into grade (id, grade, teacher_id, pupil_id, date) values (521, 1, 1, 99, '12/14/2009');
insert into grade (id, grade, teacher_id, pupil_id, date) values (522, 1, 13, 71, '8/13/2018');
insert into grade (id, grade, teacher_id, pupil_id, date) values (523, 4, 5, 99, '7/21/2016');
insert into grade (id, grade, teacher_id, pupil_id, date) values (524, 3, 15, 80, '5/25/2006');
insert into grade (id, grade, teacher_id, pupil_id, date) values (525, 1, 15, 43, '9/12/2019');
insert into grade (id, grade, teacher_id, pupil_id, date) values (526, 2, 8, 93, '12/8/2018');
insert into grade (id, grade, teacher_id, pupil_id, date) values (527, 1, 17, 87, '10/30/2017');
insert into grade (id, grade, teacher_id, pupil_id, date) values (528, 1, 6, 14, '5/14/2008');
insert into grade (id, grade, teacher_id, pupil_id, date) values (529, 5, 13, 50, '8/23/2012');
insert into grade (id, grade, teacher_id, pupil_id, date) values (530, 5, 14, 77, '2/3/2012');
insert into grade (id, grade, teacher_id, pupil_id, date) values (531, 1, 6, 73, '3/8/2007');
insert into grade (id, grade, teacher_id, pupil_id, date) values (532, 1, 20, 16, '2/3/2008');
insert into grade (id, grade, teacher_id, pupil_id, date) values (533, 4, 4, 94, '1/24/2015');
insert into grade (id, grade, teacher_id, pupil_id, date) values (534, 5, 20, 83, '2/25/2012');
insert into grade (id, grade, teacher_id, pupil_id, date) values (535, 1, 20, 19, '10/4/2018');
insert into grade (id, grade, teacher_id, pupil_id, date) values (536, 2, 19, 87, '6/5/2016');
insert into grade (id, grade, teacher_id, pupil_id, date) values (537, 3, 2, 28, '11/21/2016');
insert into grade (id, grade, teacher_id, pupil_id, date) values (538, 2, 19, 74, '11/7/2008');
insert into grade (id, grade, teacher_id, pupil_id, date) values (539, 3, 2, 39, '12/16/2018');
insert into grade (id, grade, teacher_id, pupil_id, date) values (540, 2, 6, 81, '5/28/2008');
insert into grade (id, grade, teacher_id, pupil_id, date) values (541, 1, 20, 96, '10/4/2019');
insert into grade (id, grade, teacher_id, pupil_id, date) values (542, 3, 5, 20, '3/4/2014');
insert into grade (id, grade, teacher_id, pupil_id, date) values (543, 4, 20, 4, '11/5/2016');
insert into grade (id, grade, teacher_id, pupil_id, date) values (544, 1, 8, 33, '5/18/2006');
insert into grade (id, grade, teacher_id, pupil_id, date) values (545, 1, 18, 14, '12/28/2014');
insert into grade (id, grade, teacher_id, pupil_id, date) values (546, 1, 12, 89, '7/28/2018');
insert into grade (id, grade, teacher_id, pupil_id, date) values (547, 1, 11, 26, '3/26/2016');
insert into grade (id, grade, teacher_id, pupil_id, date) values (548, 2, 15, 32, '7/16/2016');
insert into grade (id, grade, teacher_id, pupil_id, date) values (549, 3, 20, 61, '8/16/2013');
insert into grade (id, grade, teacher_id, pupil_id, date) values (550, 5, 12, 18, '8/6/2008');
insert into grade (id, grade, teacher_id, pupil_id, date) values (551, 2, 1, 23, '2/17/2015');
insert into grade (id, grade, teacher_id, pupil_id, date) values (552, 2, 4, 34, '10/30/2017');
insert into grade (id, grade, teacher_id, pupil_id, date) values (553, 1, 5, 22, '9/26/2016');
insert into grade (id, grade, teacher_id, pupil_id, date) values (554, 1, 6, 44, '4/17/2009');
insert into grade (id, grade, teacher_id, pupil_id, date) values (555, 1, 11, 96, '8/13/2009');
insert into grade (id, grade, teacher_id, pupil_id, date) values (556, 2, 20, 60, '6/3/2015');
insert into grade (id, grade, teacher_id, pupil_id, date) values (557, 3, 20, 67, '3/2/2008');
insert into grade (id, grade, teacher_id, pupil_id, date) values (558, 2, 16, 55, '7/28/2010');
insert into grade (id, grade, teacher_id, pupil_id, date) values (559, 5, 7, 55, '8/20/2016');
insert into grade (id, grade, teacher_id, pupil_id, date) values (560, 3, 13, 6, '6/17/2018');
insert into grade (id, grade, teacher_id, pupil_id, date) values (561, 2, 14, 94, '12/21/2012');
insert into grade (id, grade, teacher_id, pupil_id, date) values (562, 5, 8, 64, '2/23/2018');
insert into grade (id, grade, teacher_id, pupil_id, date) values (563, 4, 16, 9, '3/4/2012');
insert into grade (id, grade, teacher_id, pupil_id, date) values (564, 2, 13, 97, '2/27/2010');
insert into grade (id, grade, teacher_id, pupil_id, date) values (565, 2, 15, 85, '9/21/2014');
insert into grade (id, grade, teacher_id, pupil_id, date) values (566, 3, 2, 59, '3/28/2011');
insert into grade (id, grade, teacher_id, pupil_id, date) values (567, 5, 18, 27, '4/18/2008');
insert into grade (id, grade, teacher_id, pupil_id, date) values (568, 5, 6, 35, '8/12/2008');
insert into grade (id, grade, teacher_id, pupil_id, date) values (569, 2, 3, 90, '7/28/2009');
insert into grade (id, grade, teacher_id, pupil_id, date) values (570, 1, 5, 77, '10/21/2015');
insert into grade (id, grade, teacher_id, pupil_id, date) values (571, 1, 13, 81, '1/14/2008');
insert into grade (id, grade, teacher_id, pupil_id, date) values (572, 1, 8, 31, '2/22/2011');
insert into grade (id, grade, teacher_id, pupil_id, date) values (573, 2, 3, 75, '5/8/2013');
insert into grade (id, grade, teacher_id, pupil_id, date) values (574, 3, 7, 74, '5/19/2013');
insert into grade (id, grade, teacher_id, pupil_id, date) values (575, 3, 20, 66, '10/22/2012');
insert into grade (id, grade, teacher_id, pupil_id, date) values (576, 1, 17, 16, '1/15/2015');
insert into grade (id, grade, teacher_id, pupil_id, date) values (577, 4, 11, 86, '11/8/2017');
insert into grade (id, grade, teacher_id, pupil_id, date) values (578, 1, 16, 72, '6/10/2015');
insert into grade (id, grade, teacher_id, pupil_id, date) values (579, 4, 12, 86, '4/27/2018');
insert into grade (id, grade, teacher_id, pupil_id, date) values (580, 3, 5, 37, '6/13/2010');
insert into grade (id, grade, teacher_id, pupil_id, date) values (581, 5, 5, 60, '2/23/2006');
insert into grade (id, grade, teacher_id, pupil_id, date) values (582, 2, 16, 99, '6/24/2019');
insert into grade (id, grade, teacher_id, pupil_id, date) values (583, 1, 3, 85, '3/31/2009');
insert into grade (id, grade, teacher_id, pupil_id, date) values (584, 3, 5, 19, '1/18/2016');
insert into grade (id, grade, teacher_id, pupil_id, date) values (585, 5, 8, 47, '2/10/2015');
insert into grade (id, grade, teacher_id, pupil_id, date) values (586, 1, 4, 67, '7/17/2013');
insert into grade (id, grade, teacher_id, pupil_id, date) values (587, 1, 8, 40, '10/23/2008');
insert into grade (id, grade, teacher_id, pupil_id, date) values (588, 1, 13, 17, '2/24/2012');
insert into grade (id, grade, teacher_id, pupil_id, date) values (589, 5, 13, 53, '1/27/2008');
insert into grade (id, grade, teacher_id, pupil_id, date) values (590, 1, 11, 65, '7/4/2010');
insert into grade (id, grade, teacher_id, pupil_id, date) values (591, 5, 1, 91, '6/11/2016');
insert into grade (id, grade, teacher_id, pupil_id, date) values (592, 2, 17, 80, '1/28/2007');
insert into grade (id, grade, teacher_id, pupil_id, date) values (593, 1, 5, 94, '8/3/2017');
insert into grade (id, grade, teacher_id, pupil_id, date) values (594, 2, 13, 93, '10/18/2010');
insert into grade (id, grade, teacher_id, pupil_id, date) values (595, 5, 7, 41, '11/30/2018');
insert into grade (id, grade, teacher_id, pupil_id, date) values (596, 4, 16, 91, '5/2/2014');
insert into grade (id, grade, teacher_id, pupil_id, date) values (597, 2, 1, 85, '7/24/2017');
insert into grade (id, grade, teacher_id, pupil_id, date) values (598, 2, 16, 2, '10/10/2012');
insert into grade (id, grade, teacher_id, pupil_id, date) values (599, 3, 15, 19, '8/31/2007');
insert into grade (id, grade, teacher_id, pupil_id, date) values (600, 1, 11, 11, '12/18/2018');
insert into grade (id, grade, teacher_id, pupil_id, date) values (601, 1, 1, 20, '8/13/2007');
insert into grade (id, grade, teacher_id, pupil_id, date) values (602, 4, 5, 8, '10/14/2013');
insert into grade (id, grade, teacher_id, pupil_id, date) values (603, 1, 9, 24, '12/11/2012');
insert into grade (id, grade, teacher_id, pupil_id, date) values (604, 3, 14, 43, '7/19/2006');
insert into grade (id, grade, teacher_id, pupil_id, date) values (605, 4, 20, 82, '6/19/2013');
insert into grade (id, grade, teacher_id, pupil_id, date) values (606, 5, 16, 13, '7/27/2015');
insert into grade (id, grade, teacher_id, pupil_id, date) values (607, 1, 10, 24, '1/5/2008');
insert into grade (id, grade, teacher_id, pupil_id, date) values (608, 2, 19, 50, '11/14/2006');
insert into grade (id, grade, teacher_id, pupil_id, date) values (609, 2, 11, 71, '6/7/2019');
insert into grade (id, grade, teacher_id, pupil_id, date) values (610, 2, 4, 82, '1/3/2019');
insert into grade (id, grade, teacher_id, pupil_id, date) values (611, 2, 1, 4, '10/21/2006');
insert into grade (id, grade, teacher_id, pupil_id, date) values (612, 5, 10, 42, '6/30/2014');
insert into grade (id, grade, teacher_id, pupil_id, date) values (613, 3, 20, 80, '12/9/2013');
insert into grade (id, grade, teacher_id, pupil_id, date) values (614, 4, 17, 10, '7/28/2006');
insert into grade (id, grade, teacher_id, pupil_id, date) values (615, 1, 18, 9, '4/13/2016');
insert into grade (id, grade, teacher_id, pupil_id, date) values (616, 1, 11, 76, '5/22/2011');
insert into grade (id, grade, teacher_id, pupil_id, date) values (617, 4, 8, 52, '5/5/2006');
insert into grade (id, grade, teacher_id, pupil_id, date) values (618, 2, 18, 35, '12/1/2016');
insert into grade (id, grade, teacher_id, pupil_id, date) values (619, 3, 6, 92, '5/17/2014');
insert into grade (id, grade, teacher_id, pupil_id, date) values (620, 5, 4, 32, '11/1/2012');
insert into grade (id, grade, teacher_id, pupil_id, date) values (621, 3, 5, 31, '10/21/2014');
insert into grade (id, grade, teacher_id, pupil_id, date) values (622, 3, 4, 90, '4/3/2009');
insert into grade (id, grade, teacher_id, pupil_id, date) values (623, 5, 12, 30, '10/28/2014');
insert into grade (id, grade, teacher_id, pupil_id, date) values (624, 5, 10, 61, '4/13/2018');
insert into grade (id, grade, teacher_id, pupil_id, date) values (625, 2, 11, 48, '11/29/2006');
insert into grade (id, grade, teacher_id, pupil_id, date) values (626, 4, 7, 22, '5/9/2012');
insert into grade (id, grade, teacher_id, pupil_id, date) values (627, 1, 1, 74, '8/12/2009');
insert into grade (id, grade, teacher_id, pupil_id, date) values (628, 2, 1, 89, '4/24/2015');
insert into grade (id, grade, teacher_id, pupil_id, date) values (629, 2, 3, 91, '11/6/2006');
insert into grade (id, grade, teacher_id, pupil_id, date) values (630, 1, 11, 91, '5/24/2014');
insert into grade (id, grade, teacher_id, pupil_id, date) values (631, 1, 19, 85, '2/10/2012');
insert into grade (id, grade, teacher_id, pupil_id, date) values (632, 3, 12, 96, '10/22/2014');
insert into grade (id, grade, teacher_id, pupil_id, date) values (633, 2, 18, 56, '11/27/2008');
insert into grade (id, grade, teacher_id, pupil_id, date) values (634, 1, 15, 3, '9/28/2016');
insert into grade (id, grade, teacher_id, pupil_id, date) values (635, 2, 18, 21, '12/25/2013');
insert into grade (id, grade, teacher_id, pupil_id, date) values (636, 3, 15, 55, '4/9/2006');
insert into grade (id, grade, teacher_id, pupil_id, date) values (637, 4, 19, 34, '6/4/2014');
insert into grade (id, grade, teacher_id, pupil_id, date) values (638, 4, 8, 54, '6/2/2014');
insert into grade (id, grade, teacher_id, pupil_id, date) values (639, 2, 6, 92, '3/13/2017');
insert into grade (id, grade, teacher_id, pupil_id, date) values (640, 1, 7, 25, '2/27/2019');
insert into grade (id, grade, teacher_id, pupil_id, date) values (641, 2, 20, 33, '8/1/2016');
insert into grade (id, grade, teacher_id, pupil_id, date) values (642, 1, 2, 68, '10/14/2011');
insert into grade (id, grade, teacher_id, pupil_id, date) values (643, 3, 2, 54, '3/14/2019');
insert into grade (id, grade, teacher_id, pupil_id, date) values (644, 2, 10, 55, '9/11/2014');
insert into grade (id, grade, teacher_id, pupil_id, date) values (645, 1, 7, 13, '10/21/2008');
insert into grade (id, grade, teacher_id, pupil_id, date) values (646, 5, 20, 38, '8/19/2007');
insert into grade (id, grade, teacher_id, pupil_id, date) values (647, 2, 16, 36, '7/29/2017');
insert into grade (id, grade, teacher_id, pupil_id, date) values (648, 3, 13, 61, '8/28/2012');
insert into grade (id, grade, teacher_id, pupil_id, date) values (649, 3, 6, 90, '11/24/2007');
insert into grade (id, grade, teacher_id, pupil_id, date) values (650, 2, 16, 32, '12/3/2013');
insert into grade (id, grade, teacher_id, pupil_id, date) values (651, 4, 3, 74, '2/7/2010');
insert into grade (id, grade, teacher_id, pupil_id, date) values (652, 2, 6, 45, '4/9/2009');
insert into grade (id, grade, teacher_id, pupil_id, date) values (653, 3, 3, 71, '9/8/2012');
insert into grade (id, grade, teacher_id, pupil_id, date) values (654, 5, 3, 97, '2/12/2016');
insert into grade (id, grade, teacher_id, pupil_id, date) values (655, 2, 10, 75, '9/15/2012');
insert into grade (id, grade, teacher_id, pupil_id, date) values (656, 2, 6, 80, '3/28/2009');
insert into grade (id, grade, teacher_id, pupil_id, date) values (657, 2, 1, 99, '2/7/2012');
insert into grade (id, grade, teacher_id, pupil_id, date) values (658, 1, 3, 11, '2/6/2006');
insert into grade (id, grade, teacher_id, pupil_id, date) values (659, 2, 8, 37, '1/3/2010');
insert into grade (id, grade, teacher_id, pupil_id, date) values (660, 1, 18, 6, '1/21/2018');
insert into grade (id, grade, teacher_id, pupil_id, date) values (661, 2, 15, 89, '12/1/2018');
insert into grade (id, grade, teacher_id, pupil_id, date) values (662, 4, 20, 25, '3/26/2019');
insert into grade (id, grade, teacher_id, pupil_id, date) values (663, 5, 16, 89, '9/14/2019');
insert into grade (id, grade, teacher_id, pupil_id, date) values (664, 5, 10, 34, '11/26/2010');
insert into grade (id, grade, teacher_id, pupil_id, date) values (665, 3, 7, 75, '11/6/2012');
insert into grade (id, grade, teacher_id, pupil_id, date) values (666, 5, 15, 88, '6/16/2018');
insert into grade (id, grade, teacher_id, pupil_id, date) values (667, 3, 2, 1, '1/18/2015');
insert into grade (id, grade, teacher_id, pupil_id, date) values (668, 2, 19, 6, '1/28/2015');
insert into grade (id, grade, teacher_id, pupil_id, date) values (669, 1, 12, 65, '10/26/2008');
insert into grade (id, grade, teacher_id, pupil_id, date) values (670, 1, 1, 62, '1/25/2011');
insert into grade (id, grade, teacher_id, pupil_id, date) values (671, 3, 13, 36, '12/23/2018');
insert into grade (id, grade, teacher_id, pupil_id, date) values (672, 2, 20, 76, '11/3/2005');
insert into grade (id, grade, teacher_id, pupil_id, date) values (673, 3, 20, 62, '1/1/2015');
insert into grade (id, grade, teacher_id, pupil_id, date) values (674, 2, 1, 14, '9/24/2019');
insert into grade (id, grade, teacher_id, pupil_id, date) values (675, 3, 5, 92, '10/24/2006');
insert into grade (id, grade, teacher_id, pupil_id, date) values (676, 3, 17, 47, '5/10/2015');
insert into grade (id, grade, teacher_id, pupil_id, date) values (677, 5, 2, 12, '6/16/2015');
insert into grade (id, grade, teacher_id, pupil_id, date) values (678, 3, 17, 61, '8/27/2015');
insert into grade (id, grade, teacher_id, pupil_id, date) values (679, 4, 18, 27, '5/11/2019');
insert into grade (id, grade, teacher_id, pupil_id, date) values (680, 5, 20, 29, '9/9/2007');
insert into grade (id, grade, teacher_id, pupil_id, date) values (681, 1, 20, 41, '8/30/2006');
insert into grade (id, grade, teacher_id, pupil_id, date) values (682, 1, 10, 20, '11/23/2007');
insert into grade (id, grade, teacher_id, pupil_id, date) values (683, 2, 19, 54, '1/7/2012');
insert into grade (id, grade, teacher_id, pupil_id, date) values (684, 4, 1, 20, '3/9/2015');
insert into grade (id, grade, teacher_id, pupil_id, date) values (685, 4, 3, 43, '3/28/2007');
insert into grade (id, grade, teacher_id, pupil_id, date) values (686, 5, 6, 34, '5/18/2014');
insert into grade (id, grade, teacher_id, pupil_id, date) values (687, 3, 1, 93, '7/20/2009');
insert into grade (id, grade, teacher_id, pupil_id, date) values (688, 1, 5, 33, '3/3/2009');
insert into grade (id, grade, teacher_id, pupil_id, date) values (689, 1, 18, 38, '5/30/2011');
insert into grade (id, grade, teacher_id, pupil_id, date) values (690, 4, 2, 26, '5/25/2019');
insert into grade (id, grade, teacher_id, pupil_id, date) values (691, 3, 4, 91, '1/31/2018');
insert into grade (id, grade, teacher_id, pupil_id, date) values (692, 1, 1, 98, '1/14/2013');
insert into grade (id, grade, teacher_id, pupil_id, date) values (693, 5, 19, 87, '4/3/2006');
insert into grade (id, grade, teacher_id, pupil_id, date) values (694, 2, 7, 6, '1/12/2012');
insert into grade (id, grade, teacher_id, pupil_id, date) values (695, 5, 19, 1, '10/10/2017');
insert into grade (id, grade, teacher_id, pupil_id, date) values (696, 4, 15, 30, '1/2/2009');
insert into grade (id, grade, teacher_id, pupil_id, date) values (697, 4, 4, 93, '4/9/2006');
insert into grade (id, grade, teacher_id, pupil_id, date) values (698, 1, 20, 76, '9/29/2015');
insert into grade (id, grade, teacher_id, pupil_id, date) values (699, 4, 17, 47, '9/17/2014');
insert into grade (id, grade, teacher_id, pupil_id, date) values (700, 3, 7, 55, '12/28/2007');
insert into grade (id, grade, teacher_id, pupil_id, date) values (701, 4, 19, 97, '4/30/2010');
insert into grade (id, grade, teacher_id, pupil_id, date) values (702, 2, 10, 43, '5/7/2013');
insert into grade (id, grade, teacher_id, pupil_id, date) values (703, 1, 1, 5, '10/13/2016');
insert into grade (id, grade, teacher_id, pupil_id, date) values (704, 4, 15, 89, '3/22/2018');
insert into grade (id, grade, teacher_id, pupil_id, date) values (705, 1, 12, 9, '9/9/2015');
insert into grade (id, grade, teacher_id, pupil_id, date) values (706, 1, 2, 100, '1/5/2006');
insert into grade (id, grade, teacher_id, pupil_id, date) values (707, 1, 15, 98, '10/5/2015');
insert into grade (id, grade, teacher_id, pupil_id, date) values (708, 3, 18, 16, '2/3/2013');
insert into grade (id, grade, teacher_id, pupil_id, date) values (709, 2, 5, 74, '8/29/2008');
insert into grade (id, grade, teacher_id, pupil_id, date) values (710, 3, 5, 65, '11/12/2014');
insert into grade (id, grade, teacher_id, pupil_id, date) values (711, 5, 19, 80, '6/9/2017');
insert into grade (id, grade, teacher_id, pupil_id, date) values (712, 3, 12, 27, '1/22/2018');
insert into grade (id, grade, teacher_id, pupil_id, date) values (713, 5, 15, 13, '5/9/2018');
insert into grade (id, grade, teacher_id, pupil_id, date) values (714, 3, 7, 85, '9/18/2017');
insert into grade (id, grade, teacher_id, pupil_id, date) values (715, 3, 5, 26, '5/26/2007');
insert into grade (id, grade, teacher_id, pupil_id, date) values (716, 4, 9, 55, '3/26/2008');
insert into grade (id, grade, teacher_id, pupil_id, date) values (717, 5, 18, 35, '2/12/2010');
insert into grade (id, grade, teacher_id, pupil_id, date) values (718, 1, 12, 58, '11/15/2006');
insert into grade (id, grade, teacher_id, pupil_id, date) values (719, 3, 4, 49, '8/5/2017');
insert into grade (id, grade, teacher_id, pupil_id, date) values (720, 3, 3, 15, '3/15/2015');
insert into grade (id, grade, teacher_id, pupil_id, date) values (721, 1, 12, 12, '4/29/2010');
insert into grade (id, grade, teacher_id, pupil_id, date) values (722, 5, 19, 33, '2/2/2016');
insert into grade (id, grade, teacher_id, pupil_id, date) values (723, 1, 4, 92, '4/29/2018');
insert into grade (id, grade, teacher_id, pupil_id, date) values (724, 5, 1, 27, '12/21/2014');
insert into grade (id, grade, teacher_id, pupil_id, date) values (725, 2, 2, 72, '6/18/2009');
insert into grade (id, grade, teacher_id, pupil_id, date) values (726, 1, 12, 45, '1/28/2014');
insert into grade (id, grade, teacher_id, pupil_id, date) values (727, 3, 9, 61, '1/7/2017');
insert into grade (id, grade, teacher_id, pupil_id, date) values (728, 3, 13, 86, '5/8/2010');
insert into grade (id, grade, teacher_id, pupil_id, date) values (729, 3, 6, 71, '11/19/2005');
insert into grade (id, grade, teacher_id, pupil_id, date) values (730, 3, 3, 40, '4/8/2014');
insert into grade (id, grade, teacher_id, pupil_id, date) values (731, 2, 8, 63, '1/30/2007');
insert into grade (id, grade, teacher_id, pupil_id, date) values (732, 2, 20, 69, '10/30/2009');
insert into grade (id, grade, teacher_id, pupil_id, date) values (733, 5, 4, 78, '6/4/2019');
insert into grade (id, grade, teacher_id, pupil_id, date) values (734, 5, 3, 41, '8/19/2010');
insert into grade (id, grade, teacher_id, pupil_id, date) values (735, 3, 14, 83, '4/28/2017');
insert into grade (id, grade, teacher_id, pupil_id, date) values (736, 3, 17, 43, '9/1/2013');
insert into grade (id, grade, teacher_id, pupil_id, date) values (737, 3, 10, 84, '10/7/2012');
insert into grade (id, grade, teacher_id, pupil_id, date) values (738, 4, 14, 49, '9/16/2010');
insert into grade (id, grade, teacher_id, pupil_id, date) values (739, 4, 18, 2, '11/21/2015');
insert into grade (id, grade, teacher_id, pupil_id, date) values (740, 1, 15, 37, '7/8/2008');
insert into grade (id, grade, teacher_id, pupil_id, date) values (741, 4, 18, 52, '6/26/2012');
insert into grade (id, grade, teacher_id, pupil_id, date) values (742, 4, 7, 67, '12/26/2016');
insert into grade (id, grade, teacher_id, pupil_id, date) values (743, 1, 9, 16, '2/20/2009');
insert into grade (id, grade, teacher_id, pupil_id, date) values (744, 5, 8, 68, '7/27/2015');
insert into grade (id, grade, teacher_id, pupil_id, date) values (745, 1, 13, 93, '2/7/2006');
insert into grade (id, grade, teacher_id, pupil_id, date) values (746, 5, 4, 91, '2/17/2019');
insert into grade (id, grade, teacher_id, pupil_id, date) values (747, 3, 11, 47, '2/27/2017');
insert into grade (id, grade, teacher_id, pupil_id, date) values (748, 2, 13, 55, '5/17/2006');
insert into grade (id, grade, teacher_id, pupil_id, date) values (749, 3, 9, 93, '7/31/2010');
insert into grade (id, grade, teacher_id, pupil_id, date) values (750, 5, 10, 77, '5/5/2019');
insert into grade (id, grade, teacher_id, pupil_id, date) values (751, 3, 1, 17, '4/18/2014');
insert into grade (id, grade, teacher_id, pupil_id, date) values (752, 1, 15, 48, '8/20/2010');
insert into grade (id, grade, teacher_id, pupil_id, date) values (753, 2, 17, 52, '5/7/2010');
insert into grade (id, grade, teacher_id, pupil_id, date) values (754, 2, 17, 22, '12/7/2017');
insert into grade (id, grade, teacher_id, pupil_id, date) values (755, 2, 3, 83, '8/31/2017');
insert into grade (id, grade, teacher_id, pupil_id, date) values (756, 3, 13, 31, '10/28/2006');
insert into grade (id, grade, teacher_id, pupil_id, date) values (757, 4, 16, 65, '4/12/2017');
insert into grade (id, grade, teacher_id, pupil_id, date) values (758, 4, 2, 77, '11/8/2009');
insert into grade (id, grade, teacher_id, pupil_id, date) values (759, 4, 2, 14, '4/29/2009');
insert into grade (id, grade, teacher_id, pupil_id, date) values (760, 2, 10, 7, '4/13/2017');
insert into grade (id, grade, teacher_id, pupil_id, date) values (761, 1, 19, 81, '2/1/2009');
insert into grade (id, grade, teacher_id, pupil_id, date) values (762, 1, 15, 30, '7/31/2012');
insert into grade (id, grade, teacher_id, pupil_id, date) values (763, 2, 4, 45, '9/19/2006');
insert into grade (id, grade, teacher_id, pupil_id, date) values (764, 2, 19, 87, '1/14/2011');
insert into grade (id, grade, teacher_id, pupil_id, date) values (765, 2, 15, 93, '7/27/2010');
insert into grade (id, grade, teacher_id, pupil_id, date) values (766, 2, 11, 86, '10/21/2017');
insert into grade (id, grade, teacher_id, pupil_id, date) values (767, 5, 2, 59, '10/25/2007');
insert into grade (id, grade, teacher_id, pupil_id, date) values (768, 2, 12, 34, '4/6/2013');
insert into grade (id, grade, teacher_id, pupil_id, date) values (769, 4, 6, 75, '9/9/2010');
insert into grade (id, grade, teacher_id, pupil_id, date) values (770, 2, 4, 6, '6/17/2013');
insert into grade (id, grade, teacher_id, pupil_id, date) values (771, 5, 6, 38, '2/29/2008');
insert into grade (id, grade, teacher_id, pupil_id, date) values (772, 5, 19, 27, '9/11/2012');
insert into grade (id, grade, teacher_id, pupil_id, date) values (773, 2, 9, 45, '7/1/2011');
insert into grade (id, grade, teacher_id, pupil_id, date) values (774, 4, 12, 9, '9/12/2018');
insert into grade (id, grade, teacher_id, pupil_id, date) values (775, 1, 5, 5, '10/6/2013');
insert into grade (id, grade, teacher_id, pupil_id, date) values (776, 2, 1, 15, '2/15/2015');
insert into grade (id, grade, teacher_id, pupil_id, date) values (777, 3, 5, 66, '5/7/2013');
insert into grade (id, grade, teacher_id, pupil_id, date) values (778, 4, 20, 65, '11/7/2016');
insert into grade (id, grade, teacher_id, pupil_id, date) values (779, 2, 2, 36, '3/4/2014');
insert into grade (id, grade, teacher_id, pupil_id, date) values (780, 1, 17, 59, '10/24/2009');
insert into grade (id, grade, teacher_id, pupil_id, date) values (781, 5, 11, 17, '5/25/2018');
insert into grade (id, grade, teacher_id, pupil_id, date) values (782, 2, 14, 96, '6/29/2013');
insert into grade (id, grade, teacher_id, pupil_id, date) values (783, 5, 6, 49, '6/8/2017');
insert into grade (id, grade, teacher_id, pupil_id, date) values (784, 4, 7, 8, '3/28/2008');
insert into grade (id, grade, teacher_id, pupil_id, date) values (785, 1, 7, 33, '7/9/2016');
insert into grade (id, grade, teacher_id, pupil_id, date) values (786, 2, 11, 19, '3/31/2008');
insert into grade (id, grade, teacher_id, pupil_id, date) values (787, 3, 8, 91, '5/23/2014');
insert into grade (id, grade, teacher_id, pupil_id, date) values (788, 3, 9, 7, '3/13/2008');
insert into grade (id, grade, teacher_id, pupil_id, date) values (789, 2, 20, 83, '8/29/2015');
insert into grade (id, grade, teacher_id, pupil_id, date) values (790, 3, 13, 69, '4/25/2009');
insert into grade (id, grade, teacher_id, pupil_id, date) values (791, 3, 13, 40, '3/19/2008');
insert into grade (id, grade, teacher_id, pupil_id, date) values (792, 4, 20, 50, '2/12/2018');
insert into grade (id, grade, teacher_id, pupil_id, date) values (793, 2, 4, 5, '5/9/2016');
insert into grade (id, grade, teacher_id, pupil_id, date) values (794, 3, 6, 47, '2/1/2007');
insert into grade (id, grade, teacher_id, pupil_id, date) values (795, 5, 12, 87, '11/23/2006');
insert into grade (id, grade, teacher_id, pupil_id, date) values (796, 3, 7, 66, '2/4/2013');
insert into grade (id, grade, teacher_id, pupil_id, date) values (797, 4, 10, 49, '9/23/2006');
insert into grade (id, grade, teacher_id, pupil_id, date) values (798, 1, 11, 96, '7/31/2014');
insert into grade (id, grade, teacher_id, pupil_id, date) values (799, 5, 8, 51, '12/24/2009');
insert into grade (id, grade, teacher_id, pupil_id, date) values (800, 2, 7, 21, '1/28/2010');
insert into grade (id, grade, teacher_id, pupil_id, date) values (801, 4, 7, 52, '1/30/2008');
insert into grade (id, grade, teacher_id, pupil_id, date) values (802, 1, 2, 78, '10/15/2019');
insert into grade (id, grade, teacher_id, pupil_id, date) values (803, 3, 2, 52, '9/28/2008');
insert into grade (id, grade, teacher_id, pupil_id, date) values (804, 5, 16, 28, '3/29/2010');
insert into grade (id, grade, teacher_id, pupil_id, date) values (805, 2, 13, 27, '10/4/2013');
insert into grade (id, grade, teacher_id, pupil_id, date) values (806, 4, 1, 18, '1/9/2017');
insert into grade (id, grade, teacher_id, pupil_id, date) values (807, 5, 13, 14, '3/9/2016');
insert into grade (id, grade, teacher_id, pupil_id, date) values (808, 5, 6, 49, '12/23/2006');
insert into grade (id, grade, teacher_id, pupil_id, date) values (809, 1, 3, 90, '9/15/2016');
insert into grade (id, grade, teacher_id, pupil_id, date) values (810, 1, 3, 53, '2/14/2008');
insert into grade (id, grade, teacher_id, pupil_id, date) values (811, 1, 15, 75, '4/5/2018');
insert into grade (id, grade, teacher_id, pupil_id, date) values (812, 4, 2, 42, '3/8/2019');
insert into grade (id, grade, teacher_id, pupil_id, date) values (813, 2, 15, 85, '11/30/2013');
insert into grade (id, grade, teacher_id, pupil_id, date) values (814, 5, 19, 41, '6/18/2006');
insert into grade (id, grade, teacher_id, pupil_id, date) values (815, 2, 3, 49, '9/21/2014');
insert into grade (id, grade, teacher_id, pupil_id, date) values (816, 3, 5, 87, '4/7/2016');
insert into grade (id, grade, teacher_id, pupil_id, date) values (817, 2, 11, 97, '5/27/2006');
insert into grade (id, grade, teacher_id, pupil_id, date) values (818, 4, 19, 69, '10/10/2006');
insert into grade (id, grade, teacher_id, pupil_id, date) values (819, 1, 20, 54, '11/3/2015');
insert into grade (id, grade, teacher_id, pupil_id, date) values (820, 3, 15, 24, '7/9/2010');
insert into grade (id, grade, teacher_id, pupil_id, date) values (821, 5, 19, 99, '10/2/2017');
insert into grade (id, grade, teacher_id, pupil_id, date) values (822, 2, 17, 21, '4/2/2017');
insert into grade (id, grade, teacher_id, pupil_id, date) values (823, 1, 12, 62, '6/21/2007');
insert into grade (id, grade, teacher_id, pupil_id, date) values (824, 4, 6, 48, '10/28/2014');
insert into grade (id, grade, teacher_id, pupil_id, date) values (825, 1, 15, 49, '11/28/2018');
insert into grade (id, grade, teacher_id, pupil_id, date) values (826, 1, 9, 28, '4/27/2016');
insert into grade (id, grade, teacher_id, pupil_id, date) values (827, 3, 17, 74, '1/12/2006');
insert into grade (id, grade, teacher_id, pupil_id, date) values (828, 5, 2, 29, '8/29/2010');
insert into grade (id, grade, teacher_id, pupil_id, date) values (829, 4, 14, 17, '7/8/2014');
insert into grade (id, grade, teacher_id, pupil_id, date) values (830, 5, 5, 70, '4/18/2009');
insert into grade (id, grade, teacher_id, pupil_id, date) values (831, 1, 17, 81, '1/12/2015');
insert into grade (id, grade, teacher_id, pupil_id, date) values (832, 2, 10, 45, '12/29/2009');
insert into grade (id, grade, teacher_id, pupil_id, date) values (833, 3, 17, 95, '1/12/2018');
insert into grade (id, grade, teacher_id, pupil_id, date) values (834, 1, 14, 26, '6/17/2012');
insert into grade (id, grade, teacher_id, pupil_id, date) values (835, 1, 2, 10, '7/10/2014');
insert into grade (id, grade, teacher_id, pupil_id, date) values (836, 4, 4, 82, '6/25/2016');
insert into grade (id, grade, teacher_id, pupil_id, date) values (837, 1, 7, 64, '9/27/2016');
insert into grade (id, grade, teacher_id, pupil_id, date) values (838, 5, 15, 68, '8/31/2019');
insert into grade (id, grade, teacher_id, pupil_id, date) values (839, 2, 7, 38, '6/22/2007');
insert into grade (id, grade, teacher_id, pupil_id, date) values (840, 5, 20, 94, '8/1/2014');
insert into grade (id, grade, teacher_id, pupil_id, date) values (841, 2, 11, 78, '4/26/2006');
insert into grade (id, grade, teacher_id, pupil_id, date) values (842, 1, 3, 24, '8/4/2007');
insert into grade (id, grade, teacher_id, pupil_id, date) values (843, 5, 5, 23, '4/14/2011');
insert into grade (id, grade, teacher_id, pupil_id, date) values (844, 1, 10, 15, '10/23/2010');
insert into grade (id, grade, teacher_id, pupil_id, date) values (845, 4, 15, 64, '7/25/2017');
insert into grade (id, grade, teacher_id, pupil_id, date) values (846, 4, 14, 34, '4/13/2010');
insert into grade (id, grade, teacher_id, pupil_id, date) values (847, 2, 13, 44, '1/2/2015');
insert into grade (id, grade, teacher_id, pupil_id, date) values (848, 5, 2, 80, '3/12/2008');
insert into grade (id, grade, teacher_id, pupil_id, date) values (849, 5, 15, 65, '9/10/2018');
insert into grade (id, grade, teacher_id, pupil_id, date) values (850, 4, 13, 76, '7/18/2016');
insert into grade (id, grade, teacher_id, pupil_id, date) values (851, 5, 15, 35, '5/14/2008');
insert into grade (id, grade, teacher_id, pupil_id, date) values (852, 3, 12, 79, '2/26/2008');
insert into grade (id, grade, teacher_id, pupil_id, date) values (853, 3, 4, 89, '5/30/2019');
insert into grade (id, grade, teacher_id, pupil_id, date) values (854, 4, 4, 79, '6/19/2016');
insert into grade (id, grade, teacher_id, pupil_id, date) values (855, 3, 19, 47, '4/29/2006');
insert into grade (id, grade, teacher_id, pupil_id, date) values (856, 1, 11, 39, '9/22/2010');
insert into grade (id, grade, teacher_id, pupil_id, date) values (857, 5, 6, 100, '3/3/2009');
insert into grade (id, grade, teacher_id, pupil_id, date) values (858, 1, 6, 63, '5/24/2013');
insert into grade (id, grade, teacher_id, pupil_id, date) values (859, 2, 15, 91, '3/26/2007');
insert into grade (id, grade, teacher_id, pupil_id, date) values (860, 2, 15, 30, '2/26/2009');
insert into grade (id, grade, teacher_id, pupil_id, date) values (861, 4, 11, 14, '7/17/2011');
insert into grade (id, grade, teacher_id, pupil_id, date) values (862, 5, 8, 92, '1/3/2011');
insert into grade (id, grade, teacher_id, pupil_id, date) values (863, 4, 20, 66, '8/27/2011');
insert into grade (id, grade, teacher_id, pupil_id, date) values (864, 3, 7, 87, '1/10/2013');
insert into grade (id, grade, teacher_id, pupil_id, date) values (865, 1, 3, 24, '12/16/2010');
insert into grade (id, grade, teacher_id, pupil_id, date) values (866, 5, 1, 75, '12/23/2008');
insert into grade (id, grade, teacher_id, pupil_id, date) values (867, 5, 17, 49, '2/4/2009');
insert into grade (id, grade, teacher_id, pupil_id, date) values (868, 4, 11, 32, '8/27/2009');
insert into grade (id, grade, teacher_id, pupil_id, date) values (869, 4, 5, 24, '4/23/2015');
insert into grade (id, grade, teacher_id, pupil_id, date) values (870, 1, 17, 17, '7/14/2009');
insert into grade (id, grade, teacher_id, pupil_id, date) values (871, 2, 9, 68, '3/25/2007');
insert into grade (id, grade, teacher_id, pupil_id, date) values (872, 4, 7, 17, '2/25/2014');
insert into grade (id, grade, teacher_id, pupil_id, date) values (873, 4, 2, 99, '2/14/2011');
insert into grade (id, grade, teacher_id, pupil_id, date) values (874, 5, 14, 71, '8/13/2009');
insert into grade (id, grade, teacher_id, pupil_id, date) values (875, 1, 8, 17, '9/4/2019');
insert into grade (id, grade, teacher_id, pupil_id, date) values (876, 2, 8, 13, '2/13/2019');
insert into grade (id, grade, teacher_id, pupil_id, date) values (877, 5, 18, 47, '3/13/2017');
insert into grade (id, grade, teacher_id, pupil_id, date) values (878, 5, 13, 67, '6/12/2015');
insert into grade (id, grade, teacher_id, pupil_id, date) values (879, 3, 5, 18, '12/21/2010');
insert into grade (id, grade, teacher_id, pupil_id, date) values (880, 2, 12, 73, '12/17/2012');
insert into grade (id, grade, teacher_id, pupil_id, date) values (881, 2, 3, 64, '1/11/2018');
insert into grade (id, grade, teacher_id, pupil_id, date) values (882, 5, 7, 66, '2/23/2011');
insert into grade (id, grade, teacher_id, pupil_id, date) values (883, 4, 15, 45, '10/29/2010');
insert into grade (id, grade, teacher_id, pupil_id, date) values (884, 3, 13, 29, '11/1/2009');
insert into grade (id, grade, teacher_id, pupil_id, date) values (885, 2, 7, 92, '11/16/2009');
insert into grade (id, grade, teacher_id, pupil_id, date) values (886, 4, 15, 99, '8/21/2014');
insert into grade (id, grade, teacher_id, pupil_id, date) values (887, 5, 9, 73, '5/8/2019');
insert into grade (id, grade, teacher_id, pupil_id, date) values (888, 2, 11, 52, '2/18/2016');
insert into grade (id, grade, teacher_id, pupil_id, date) values (889, 4, 19, 37, '7/23/2018');
insert into grade (id, grade, teacher_id, pupil_id, date) values (890, 3, 12, 42, '12/25/2017');
insert into grade (id, grade, teacher_id, pupil_id, date) values (891, 3, 15, 48, '11/26/2010');
insert into grade (id, grade, teacher_id, pupil_id, date) values (892, 1, 11, 47, '11/7/2008');
insert into grade (id, grade, teacher_id, pupil_id, date) values (893, 4, 16, 87, '2/11/2019');
insert into grade (id, grade, teacher_id, pupil_id, date) values (894, 3, 10, 84, '12/27/2011');
insert into grade (id, grade, teacher_id, pupil_id, date) values (895, 5, 16, 85, '9/26/2007');
insert into grade (id, grade, teacher_id, pupil_id, date) values (896, 3, 4, 68, '3/12/2019');
insert into grade (id, grade, teacher_id, pupil_id, date) values (897, 2, 10, 54, '10/26/2017');
insert into grade (id, grade, teacher_id, pupil_id, date) values (898, 1, 14, 51, '2/22/2012');
insert into grade (id, grade, teacher_id, pupil_id, date) values (899, 4, 16, 88, '9/24/2006');
insert into grade (id, grade, teacher_id, pupil_id, date) values (900, 3, 7, 18, '2/16/2013');
insert into grade (id, grade, teacher_id, pupil_id, date) values (901, 2, 16, 41, '9/15/2019');
insert into grade (id, grade, teacher_id, pupil_id, date) values (902, 1, 15, 94, '1/4/2017');
insert into grade (id, grade, teacher_id, pupil_id, date) values (903, 1, 16, 44, '3/22/2008');
insert into grade (id, grade, teacher_id, pupil_id, date) values (904, 4, 2, 31, '11/29/2011');
insert into grade (id, grade, teacher_id, pupil_id, date) values (905, 4, 15, 75, '10/13/2018');
insert into grade (id, grade, teacher_id, pupil_id, date) values (906, 2, 8, 64, '6/10/2012');
insert into grade (id, grade, teacher_id, pupil_id, date) values (907, 4, 18, 82, '5/15/2017');
insert into grade (id, grade, teacher_id, pupil_id, date) values (908, 4, 18, 47, '12/10/2006');
insert into grade (id, grade, teacher_id, pupil_id, date) values (909, 3, 15, 29, '9/27/2007');
insert into grade (id, grade, teacher_id, pupil_id, date) values (910, 1, 17, 48, '10/14/2015');
insert into grade (id, grade, teacher_id, pupil_id, date) values (911, 2, 17, 83, '11/27/2011');
insert into grade (id, grade, teacher_id, pupil_id, date) values (912, 3, 6, 28, '6/25/2007');
insert into grade (id, grade, teacher_id, pupil_id, date) values (913, 3, 8, 70, '1/22/2010');
insert into grade (id, grade, teacher_id, pupil_id, date) values (914, 2, 5, 57, '3/9/2008');
insert into grade (id, grade, teacher_id, pupil_id, date) values (915, 4, 1, 29, '10/10/2013');
insert into grade (id, grade, teacher_id, pupil_id, date) values (916, 1, 12, 50, '4/24/2010');
insert into grade (id, grade, teacher_id, pupil_id, date) values (917, 4, 2, 44, '2/11/2019');
insert into grade (id, grade, teacher_id, pupil_id, date) values (918, 2, 3, 47, '3/10/2006');
insert into grade (id, grade, teacher_id, pupil_id, date) values (919, 2, 6, 72, '12/19/2014');
insert into grade (id, grade, teacher_id, pupil_id, date) values (920, 5, 9, 62, '6/25/2018');
insert into grade (id, grade, teacher_id, pupil_id, date) values (921, 1, 2, 61, '5/18/2019');
insert into grade (id, grade, teacher_id, pupil_id, date) values (922, 1, 16, 80, '12/17/2018');
insert into grade (id, grade, teacher_id, pupil_id, date) values (923, 3, 8, 45, '12/9/2010');
insert into grade (id, grade, teacher_id, pupil_id, date) values (924, 3, 6, 37, '6/18/2019');
insert into grade (id, grade, teacher_id, pupil_id, date) values (925, 2, 10, 35, '4/2/2017');
insert into grade (id, grade, teacher_id, pupil_id, date) values (926, 3, 11, 26, '3/24/2013');
insert into grade (id, grade, teacher_id, pupil_id, date) values (927, 5, 5, 39, '2/1/2018');
insert into grade (id, grade, teacher_id, pupil_id, date) values (928, 2, 14, 80, '12/23/2005');
insert into grade (id, grade, teacher_id, pupil_id, date) values (929, 1, 6, 82, '5/28/2013');
insert into grade (id, grade, teacher_id, pupil_id, date) values (930, 1, 1, 97, '6/24/2015');
insert into grade (id, grade, teacher_id, pupil_id, date) values (931, 3, 7, 41, '5/14/2011');
insert into grade (id, grade, teacher_id, pupil_id, date) values (932, 1, 12, 8, '7/5/2006');
insert into grade (id, grade, teacher_id, pupil_id, date) values (933, 3, 19, 79, '10/17/2012');
insert into grade (id, grade, teacher_id, pupil_id, date) values (934, 3, 11, 89, '4/10/2010');
insert into grade (id, grade, teacher_id, pupil_id, date) values (935, 3, 19, 75, '4/11/2017');
insert into grade (id, grade, teacher_id, pupil_id, date) values (936, 3, 15, 54, '10/7/2015');
insert into grade (id, grade, teacher_id, pupil_id, date) values (937, 5, 10, 74, '6/2/2013');
insert into grade (id, grade, teacher_id, pupil_id, date) values (938, 4, 1, 8, '12/10/2012');
insert into grade (id, grade, teacher_id, pupil_id, date) values (939, 1, 4, 42, '12/22/2008');
insert into grade (id, grade, teacher_id, pupil_id, date) values (940, 4, 10, 19, '6/10/2017');
insert into grade (id, grade, teacher_id, pupil_id, date) values (941, 2, 13, 87, '5/18/2006');
insert into grade (id, grade, teacher_id, pupil_id, date) values (942, 4, 17, 12, '7/24/2009');
insert into grade (id, grade, teacher_id, pupil_id, date) values (943, 4, 9, 77, '5/10/2016');
insert into grade (id, grade, teacher_id, pupil_id, date) values (944, 4, 8, 7, '5/6/2012');
insert into grade (id, grade, teacher_id, pupil_id, date) values (945, 4, 17, 2, '3/11/2014');
insert into grade (id, grade, teacher_id, pupil_id, date) values (946, 4, 7, 72, '5/2/2011');
insert into grade (id, grade, teacher_id, pupil_id, date) values (947, 3, 13, 53, '12/19/2009');
insert into grade (id, grade, teacher_id, pupil_id, date) values (948, 5, 16, 40, '11/13/2013');
insert into grade (id, grade, teacher_id, pupil_id, date) values (949, 4, 12, 42, '6/26/2011');
insert into grade (id, grade, teacher_id, pupil_id, date) values (950, 4, 2, 6, '5/22/2011');
insert into grade (id, grade, teacher_id, pupil_id, date) values (951, 3, 12, 14, '8/31/2017');
insert into grade (id, grade, teacher_id, pupil_id, date) values (952, 1, 10, 19, '11/2/2007');
insert into grade (id, grade, teacher_id, pupil_id, date) values (953, 2, 14, 3, '1/5/2018');
insert into grade (id, grade, teacher_id, pupil_id, date) values (954, 1, 1, 65, '9/29/2009');
insert into grade (id, grade, teacher_id, pupil_id, date) values (955, 5, 10, 19, '3/24/2010');
insert into grade (id, grade, teacher_id, pupil_id, date) values (956, 5, 2, 85, '2/3/2008');
insert into grade (id, grade, teacher_id, pupil_id, date) values (957, 5, 18, 2, '2/7/2019');
insert into grade (id, grade, teacher_id, pupil_id, date) values (958, 3, 19, 65, '2/2/2010');
insert into grade (id, grade, teacher_id, pupil_id, date) values (959, 4, 14, 24, '3/21/2016');
insert into grade (id, grade, teacher_id, pupil_id, date) values (960, 2, 14, 64, '4/12/2019');
insert into grade (id, grade, teacher_id, pupil_id, date) values (961, 5, 3, 1, '9/25/2006');
insert into grade (id, grade, teacher_id, pupil_id, date) values (962, 2, 15, 16, '3/27/2011');
insert into grade (id, grade, teacher_id, pupil_id, date) values (963, 1, 4, 25, '10/26/2018');
insert into grade (id, grade, teacher_id, pupil_id, date) values (964, 1, 7, 98, '6/16/2015');
insert into grade (id, grade, teacher_id, pupil_id, date) values (965, 5, 15, 93, '4/9/2007');
insert into grade (id, grade, teacher_id, pupil_id, date) values (966, 2, 18, 88, '7/29/2018');
insert into grade (id, grade, teacher_id, pupil_id, date) values (967, 2, 15, 11, '5/15/2010');
insert into grade (id, grade, teacher_id, pupil_id, date) values (968, 3, 13, 68, '2/12/2013');
insert into grade (id, grade, teacher_id, pupil_id, date) values (969, 4, 11, 51, '7/21/2016');
insert into grade (id, grade, teacher_id, pupil_id, date) values (970, 3, 8, 97, '6/19/2014');
insert into grade (id, grade, teacher_id, pupil_id, date) values (971, 1, 2, 88, '5/4/2016');
insert into grade (id, grade, teacher_id, pupil_id, date) values (972, 1, 8, 50, '7/14/2011');
insert into grade (id, grade, teacher_id, pupil_id, date) values (973, 5, 8, 50, '3/7/2016');
insert into grade (id, grade, teacher_id, pupil_id, date) values (974, 1, 14, 73, '2/20/2008');
insert into grade (id, grade, teacher_id, pupil_id, date) values (975, 5, 17, 6, '10/24/2017');
insert into grade (id, grade, teacher_id, pupil_id, date) values (976, 5, 11, 58, '5/3/2010');
insert into grade (id, grade, teacher_id, pupil_id, date) values (977, 5, 10, 51, '4/24/2009');
insert into grade (id, grade, teacher_id, pupil_id, date) values (978, 2, 2, 92, '10/21/2015');
insert into grade (id, grade, teacher_id, pupil_id, date) values (979, 3, 4, 43, '8/28/2019');
insert into grade (id, grade, teacher_id, pupil_id, date) values (980, 1, 3, 44, '12/27/2012');
insert into grade (id, grade, teacher_id, pupil_id, date) values (981, 2, 18, 46, '3/13/2007');
insert into grade (id, grade, teacher_id, pupil_id, date) values (982, 4, 7, 80, '12/5/2015');
insert into grade (id, grade, teacher_id, pupil_id, date) values (983, 3, 6, 51, '12/31/2009');
insert into grade (id, grade, teacher_id, pupil_id, date) values (984, 3, 8, 57, '2/9/2015');
insert into grade (id, grade, teacher_id, pupil_id, date) values (985, 1, 20, 98, '8/19/2016');
insert into grade (id, grade, teacher_id, pupil_id, date) values (986, 3, 16, 41, '9/26/2018');
insert into grade (id, grade, teacher_id, pupil_id, date) values (987, 5, 20, 87, '8/11/2011');
insert into grade (id, grade, teacher_id, pupil_id, date) values (988, 5, 17, 56, '5/27/2010');
insert into grade (id, grade, teacher_id, pupil_id, date) values (989, 3, 9, 88, '12/13/2018');
insert into grade (id, grade, teacher_id, pupil_id, date) values (990, 2, 16, 50, '3/3/2013');
insert into grade (id, grade, teacher_id, pupil_id, date) values (991, 5, 15, 38, '10/10/2013');
insert into grade (id, grade, teacher_id, pupil_id, date) values (992, 3, 7, 32, '5/7/2012');
insert into grade (id, grade, teacher_id, pupil_id, date) values (993, 1, 6, 50, '7/1/2009');
insert into grade (id, grade, teacher_id, pupil_id, date) values (994, 4, 9, 78, '2/28/2015');
insert into grade (id, grade, teacher_id, pupil_id, date) values (995, 2, 17, 71, '3/14/2016');
insert into grade (id, grade, teacher_id, pupil_id, date) values (996, 1, 11, 48, '10/21/2008');
insert into grade (id, grade, teacher_id, pupil_id, date) values (997, 1, 5, 14, '7/6/2010');
insert into grade (id, grade, teacher_id, pupil_id, date) values (998, 3, 7, 92, '7/1/2013');
insert into grade (id, grade, teacher_id, pupil_id, date) values (999, 4, 1, 91, '7/11/2011');
insert into grade (id, grade, teacher_id, pupil_id, date) values (1000, 1, 9, 75, '12/22/2012');